#TITLE,KEY,VALUE,SWMH
e_scandinavia,e_scandinavia,,Nordmannia
e_scandinavia,e_scandinavia_adj,,Nordmannian
e_scandinavia,anglonorse,,Norðurríki
e_scandinavia,danish,,Norðurríki
e_scandinavia,e_scandinavia_adj_danish,,Norðr
e_scandinavia,gothic,,Norðurríki
e_scandinavia,e_scandinavia_adj_gothic,,Norðr
e_scandinavia,greek,,Thule
e_scandinavia,icelandic,,Norðurríki
e_scandinavia,e_scandinavia_adj_icelandic,,Norðr
e_scandinavia,norse,,Norðurríki
e_scandinavia,e_scandinavia_adj_norse,,Norðr
e_scandinavia,norsegaelic,,Norðurríki
e_scandinavia,norwegian,,Norðurríki
e_scandinavia,e_scandinavia_adj_norwegian,,Norðr
e_scandinavia,swedish,,Norðurríki
e_scandinavia,e_scandinavia_adj_swedish,,Norðr
k_denmark,k_denmark,,Danmark
k_denmark,k_denmark_adj,,Danskr
k_denmark,anglonorse,,Danmörk
k_denmark,gothic,,Danmörk
k_denmark,icelandic,,Danmörk
k_denmark,norse,,Danmörk
k_denmark,norsegaelic,,Danmörk
k_denmark,norwegian,,Danmörk
k_denmark,saxon,,Denemearc
k_denmark,swedish,,Danmörk
d_skane,d_skane,,Skaane
d_skane,d_skane_adj,,Skaanske
d_skane,saxon,,Sconeg
c_skane,PROV303,,Væstær Skane
c_skane,c_skane,,
c_skane,c_skane_adj,,Væstær Skanskr
b_bollerup,b_bollerup,,Bullathorp
b_bollerup,b_bollerup_adj,,
b_skaneor,b_skaneor,,Scanør
b_skaneor,b_skaneor_adj,,
b_malmo,b_malmo,,Malmoghe
b_malmo,b_malmo_adj,,
b_lund,b_lund,,Lund
b_lund,b_lund_adj,,
b_trelleborg,b_trelleborg,,Threlæburgh
b_trelleborg,b_trelleborg_adj,,
b_borgeby,b_borgeby,,Borbi
b_borgeby,b_borgeby_adj,,
b_lomma,b_lomma,,Lummæ
b_lomma,b_lomma_adj,,
b_lomma,norse,,Lomabyr
c_northern_skane,PROV1310,,Nørræ Skane
c_northern_skane,c_northern_skane,,
c_northern_skane,c_northern_skane_adj,,Nørræ Skanskr
b_tomarp,b_tomarp,,Tummethorp
b_tomarp,b_tomarp_adj,,
b_helsingborg,b_helsingborg,,Hælsyngburgh
b_helsingborg,b_helsingborg_adj,,
b_helsingborg,norse,,Helsingaborg
b_krapperup,b_krapperup,,Krappathorp
b_krapperup,b_krapperup_adj,,
c_eastern_skane,PROV1144,,Østær Skane
c_eastern_skane,c_eastern_skane,,
c_eastern_skane,c_eastern_skane_adj,,Østær Skanskr
c_eastern_skane,norse,,Wetlandi
b_aahus,b_aahus,,Aos
b_aahus,b_aahus_adj,,
b_dalby,b_dalby,,Dapræ
b_dalby,b_dalby_adj,,
b_vae,b_vae,,Væ
b_vae,b_vae_adj,,
b_oestra_tommarp,b_oestra_tommarp,,Tummæthorp
b_oestra_tommarp,b_oestra_tommarp_adj,,
b_gyllebo,b_gyllebo,,Gyullæ
b_gyllebo,b_gyllebo_adj,,
c_blekinge,PROV6,,Blekyngh
c_blekinge,c_blekinge,,
c_blekinge,c_blekinge_adj,,Blekynghr
b_ronneby,b_ronneby,,Rotnæby
b_ronneby,b_ronneby_adj,,
b_solvesborg,b_solvesborg,,Siluisborgh
b_solvesborg,b_solvesborg_adj,,
d_sjaelland,d_sjaelland,,Syaland
d_sjaelland,d_sjaelland_adj,,Syalandish
c_sjaelland,PROV266,,Nørræ Syaland
c_sjaelland,c_sjaelland,,
c_sjaelland,c_sjaelland_adj,,Nørræ Syalandr
b_ringsted,b_ringsted,,Ryngstath
b_ringsted,b_ringsted_adj,,
b_holbaek,b_holbaek,,Holæbæc
b_holbaek,b_holbaek_adj,,
b_kobenhavn,b_kobenhavn,,Kiopmanhafn
b_kobenhavn,b_kobenhavn_adj,,
b_roskilde,b_roskilde,,Roskeldæ
b_roskilde,b_roskilde_adj,,
b_roskilde,norse,,Hleiðra
b_esrum,b_esrum,,Esrom
b_esrum,b_esrum_adj,,
b_soeborg,b_soeborg,,Syoburgh
b_soeborg,b_soeborg_adj,,
c_western_sjaelland,PROV1027,,Væstær Syaland
c_western_sjaelland,c_western_sjaelland,,
c_western_sjaelland,c_western_sjaelland_adj,,Wæstær Syalandr
b_skarsholm,b_skarsholm,,Skarsioholm
b_skarsholm,b_skarsholm_adj,,
b_soroe,b_soroe,,Sor
b_soroe,b_soroe_adj,,
b_antvorskov,b_antvorskov,,Andworhscogh
b_antvorskov,b_antvorskov_adj,,
b_taarnborg,b_taarnborg,,Thornburgh
b_taarnborg,b_taarnborg_adj,,
b_kalundborg,b_kalundborg,,Kalundæburgh
b_kalundborg,b_kalundborg_adj,,
c_southern_sjaelland,PROV1304,,Syndræ Syaland
c_southern_sjaelland,c_southern_sjaelland,,
c_southern_sjaelland,c_southern_sjaelland_adj,,Syndræ Syalandr
b_heddinge,b_heddinge,,Hæddyng
b_heddinge,b_heddinge_adj,,
b_naestved,b_naestved,,Ncstweith
b_naestved,b_naestved_adj,,
b_jungshoved,b_jungshoved,,Junxhoulæth
b_jungshoved,b_jungshoved_adj,,
b_vordingborg,b_vordingborg,,Worthingburgh
b_vordingborg,b_vordingborg_adj,,
b_vordingborg,norse,,Worthing
c_lolland,PROV1043,,Laland
c_lolland,c_lolland,,
c_lolland,c_lolland_adj,,Lalandr
b_nakskov,b_nakskov,,Nacascogh
b_nakskov,b_nakskov_adj,,
b_nykobing,b_nykobing,,Nykoping
b_nykobing,b_nykobing_adj,,
b_refshale,b_refshale,,Ræfshalaburgh
b_refshale,b_refshale_adj,,
b_stege,b_stege,,Stighsburgh
b_stege,b_stege_adj,,
c_fyn,PROV265,,Fyun
c_fyn,c_fyn,,
c_fyn,c_fyn_adj,,Fyunr
b_faaborg,b_faaborg,,Foburgh
b_faaborg,b_faaborg_adj,,
b_hesselager,b_hesselager,,Hæsleakær
b_hesselager,b_hesselager_adj,,
b_hesselager,norse,,Heslaker
b_svendborg,b_svendborg,,Swineburgh
b_svendborg,b_svendborg_adj,,
b_odense,b_odense,,Othæns
b_odense,b_odense_adj,,
b_nyborg,b_nyborg,,Nyburgh
b_nyborg,b_nyborg_adj,,
d_halland,d_halland,,Halland
d_halland,d_halland_adj,,Hallandish
c_northern_halland,PROV1587,,Nørræ Halland
c_northern_halland,c_northern_halland,,
c_northern_halland,c_northern_halland_adj,,Nørræ Hallandr
b_aas,b_aas,,As
b_aas,b_aas_adj,,
b_gedekaer,b_gedekaer,,Getakir
b_gedekaer,b_gedekaer_adj,,
b_varberg,b_varberg,,Wardbergh
b_varberg,b_varberg_adj,,
c_halland,PROV302,,Syndræ Halland
c_halland,c_halland,,
c_halland,c_halland_adj,,Syndræ Hallandr
b_laholm,b_laholm,,Lagheholm
b_laholm,b_laholm_adj,,
b_halmstad,b_halmstad,,Halmstath
b_halmstad,b_halmstad_adj,,
b_falkenberg,b_falkenberg,,Falkynbergh
b_falkenberg,b_falkenberg_adj,,
c_samsoe,PROV1586,,Samsø
c_samsoe,c_samsoe,,
c_samsoe,c_samsoe_adj,,Samsør
c_samsoe,norse,,Sámsey
b_hjelm,b_hjelm,,Hiælm
b_hjelm,b_hjelm_adj,,
b_samsoe,b_samsoe,,Samsø
b_samsoe,b_samsoe_adj,,
b_samsoe,norse,,Sámsey
d_jylland,d_jylland,,Jutland
d_jylland,d_jylland_adj,,Jutlandish
d_jylland,german,,Jütland
c_jylland,PROV267,,Abosysæl
c_jylland,c_jylland,,
c_jylland,c_jylland_adj,,Abosysælr
c_jylland,short_name,,yes
b_kaloe,b_kaloe,,Kalløff
b_kaloe,b_kaloe_adj,,
b_randers,b_randers,,Randrøs
b_randers,b_randers_adj,,
b_randers,norse,,Randrosi
b_gammel_estrup,b_gammel_estrup,,Essendrup
b_gammel_estrup,b_gammel_estrup_adj,,
b_horsens,b_horsens,,Horsnæs
b_horsens,b_horsens_adj,,
b_aarhus,b_aarhus,,Arus
b_aarhus,b_aarhus_adj,,
b_aarhus,norse,,Árós
b_skanderborg,b_skanderborg,,Scandburgh
b_skanderborg,b_skanderborg_adj,,
c_central_jylland,PROV1585,,Warwithsysæl
c_central_jylland,c_central_jylland,,
c_central_jylland,c_central_jylland_adj,,Warwithsysælr
c_central_jylland,short_name,,yes
b_kolding,b_kolding,,Kaldyng
b_kolding,b_kolding_adj,,
b_vejle,b_vejle,,Wæthel
b_vejle,b_vejle_adj,,
b_varde,b_varde,,Varvith
b_varde,b_varde_adj,,
b_jelling,b_jelling,,Jalyng
b_jelling,b_jelling_adj,,
b_jelling,norse,,Ialang
c_northeastern_jylland,PROV1584,,Himbræsysæl
c_northeastern_jylland,c_northeastern_jylland,,
c_northeastern_jylland,c_northeastern_jylland_adj,,Himbræsysælr
c_northeastern_jylland,short_name,,yes
b_aalborg,b_aalborg,,Aleburgh
b_aalborg,b_aalborg_adj,,
b_aalborg,norse,,Alabu
b_viborg,b_viborg,,Wibiærgh
b_viborg,b_viborg_adj,,
b_vitskoel,b_vitskoel,,Withscuele
b_vitskoel,b_vitskoel_adj,,
b_hald,b_hald,,Hallæ
b_hald,b_hald_adj,,
c_northern_jylland,PROV1051,,Wændlesysæl
c_northern_jylland,c_northern_jylland,,
c_northern_jylland,c_northern_jylland_adj,,Wændlesysælr
c_northern_jylland,norse,,Vendill
c_northern_jylland,short_name,,yes
b_boerglum,b_boerglum,,Burlun
b_boerglum,b_boerglum_adj,,
b_vestervig,b_vestervig,,Væstærwigh
b_vestervig,b_vestervig_adj,,
b_hjoerring,b_hjoerring,,Hioringy
b_hjoerring,b_hjoerring_adj,,
b_hjoerring,norse,,Jörungr
b_thisted,b_thisted,,Thiudstath
b_thisted,b_thisted_adj,,
b_aggersborg,b_aggersborg,,Akærsburgh
b_aggersborg,b_aggersborg_adj,,
c_western_jylland,PROV1052,,Harthæsysæl
c_western_jylland,c_western_jylland,,
c_western_jylland,c_western_jylland_adj,,Harthæsysælr
c_western_jylland,short_name,,yes
b_ringkoebing,b_ringkoebing,,Rennumkøpingh
b_ringkoebing,b_ringkoebing_adj,,
b_holstebro,b_holstebro,,Holstathbro
b_holstebro,b_holstebro_adj,,
b_skive,b_skive,,Skhiuægarthæ
b_skive,b_skive_adj,,
d_slesvig,d_slesvig,,Sliesvík
d_slesvig,d_slesvig_adj,,Sliesvíkr
d_slesvig,anglonorse,,Sillendi
d_slesvig,frisian,,Sleeswyk
d_slesvig,german,,Schleswig
d_slesvig,d_slesvig_adj_german,,Slesvigian
d_slesvig,gothic,,Sillendi
d_slesvig,icelandic,,Sillendi
d_slesvig,low_german,,Sleswig
d_slesvig,norse,,Sillendi
d_slesvig,norsegaelic,,Sillendi
d_slesvig,norwegian,,Sillendi
d_slesvig,saxon,,Sillende
d_slesvig,swedish,,Sillendi
c_slesvig,PROV264,,Istathesysæl
c_slesvig,c_slesvig,,
c_slesvig,c_slesvig_adj,,Istathesysælr
c_slesvig,german,,Schleswig
c_slesvig,low_german,,Sleswig
c_slesvig,short_name,,yes
b_gottorp,b_gottorp,,Gotthorp
b_gottorp,b_gottorp_adj,,
b_gottorp,german,,Gottorf
b_gottorp,low_german,,Gottorp
b_roest,b_roest,,Røst
b_roest,b_roest_adj,,
b_roest,german,,Roest
b_roest,low_german,,Röst
b_egernfoerde,b_egernfoerde,,Ykærnæburgh
b_egernfoerde,b_egernfoerde_adj,,
b_egernfoerde,german,,Eckernförde
b_egernfoerde,low_german,,Eckernföör
b_flensborg,b_flensborg,,Flænsburgh
b_flensborg,b_flensborg_adj,,
b_flensborg,frisian,,Flensborag
b_flensborg,german,,Flensburg
b_hedeby,b_hedeby,,Hetheby
b_hedeby,b_hedeby_adj,,
b_hedeby,german,,Haithabu
b_hedeby,icelandic,,Heiðabyr
b_hedeby,low_german,,Haithabu
b_hedeby,low_saxon,,Haithabu
b_hedeby,norse,,Heiðabyr
b_hedeby,norwegian,,Heiðabyr
c_southern_jylland,PROV950,,Ellæmsysæl
c_southern_jylland,c_southern_jylland,,
c_southern_jylland,c_southern_jylland_adj,,Ellæmsysælr
c_southern_jylland,german,,Süderjütland
c_southern_jylland,norse,,Sillendi
c_southern_jylland,old_frankish,,Sinlendi
c_southern_jylland,saxon,,Sillende
c_southern_jylland,short_name,,yes
b_tonder,b_tonder,,Tundær
b_tonder,b_tonder_adj,,
b_tonder,frisian,,Tuner
b_tonder,german,,Tondern
b_haderslev,b_haderslev,,Hathærslef
b_haderslev,b_haderslev_adj,,
b_haderslev,german,,Hadersleben
b_aabenraa,b_aabenraa,,Opnør
b_aabenraa,b_aabenraa_adj,,
b_aabenraa,german,,Apenrade
b_ribe,b_ribe,,Ripæ
b_ribe,b_ribe_adj,,
b_sonderborg,b_sonderborg,,Syndræburgh
b_sonderborg,b_sonderborg_adj,,
b_sonderborg,german,,Sonderburg
c_north_frisia,PROV1182,,Utland
c_north_frisia,c_north_frisia,,
c_north_frisia,c_north_frisia_adj,,Utlandr
c_north_frisia,german,,Außenlande
c_north_frisia,low_german,,Uthlande
b_tonningfriesland,b_tonningfriesland,,Thynning
b_tonningfriesland,b_tonningfriesland_adj,,
b_tonningfriesland,frisian,,Taning
b_tonningfriesland,german,,Tönning
b_tetenbull,b_tetenbull,,Thedinbole
b_tetenbull,b_tetenbull_adj,,
b_tetenbull,german,,Tetenbüll
b_garding,b_garding,,Giæthning
b_garding,b_garding_adj,,
b_garding,frisian,,Gaarn
b_garding,german,,Gerdingen
b_garding,low_german,,Gaarn
b_pelvorm,b_pelvorm,,Pylwærm
b_pelvorm,b_pelvorm_adj,,
b_pelvorm,frisian,,Pälweerm
b_pelvorm,german,,Pellworm
b_leck,b_leck,,Lecky
b_leck,b_leck_adj,,
b_leck,frisian,,Leek
b_leck,german,,Leck
b_rungholt,b_rungholt,,Rungholt
b_rungholt,b_rungholt_adj,,
d_bornholm,d_bornholm,,Burghændæholm
d_bornholm,d_bornholm_adj,,Burghændæholmr
d_bornholm,anglonorse,,Borgundarhólmi
d_bornholm,gothic,,Borgundarhólmi
d_bornholm,icelandic,,Borgundarhólmi
d_bornholm,norse,,Borgundarhólmi
d_bornholm,d_bornholm_adj_norse,,Borgundarhólmir
d_bornholm,norsegaelic,,Borgundarhólmi
d_bornholm,norwegian,,Borgundarhólmi
d_bornholm,d_bornholm_adj_norwegian,,Borgundarhólmir
d_bornholm,swedish,,Borgundarhólmi
c_bornholm,PROV305,,Burghændæholm
c_bornholm,c_bornholm,,
c_bornholm,c_bornholm_adj,,Burghændæholmr
c_bornholm,anglonorse,,Borgundarhólmi
c_bornholm,gothic,,Borgundarhólmi
c_bornholm,icelandic,,Borgundarhólmi
c_bornholm,norse,,Borgundarhólmi
c_bornholm,norsegaelic,,Borgundarhólmi
c_bornholm,norwegian,,Borgundarhólmi
c_bornholm,swedish,,Borgundarhólmi
b_hammershus,b_hammershus,,Hamar
b_hammershus,b_hammershus_adj,,
b_ronne,b_ronne,,Rothnæ
b_ronne,b_ronne_adj,,
d_nordfrisland,d_nordfrisland,,Utlande
d_nordfrisland,d_nordfrisland_adj,,Utlandr
d_nordfrisland,german,,Außenlande
k_iceland,k_iceland,,Ísland
k_iceland,k_iceland_adj,,Íslandskr
d_iceland,d_iceland,,Ísland
d_iceland,d_iceland_adj,,Íslandskr
c_southisland,PROV1258,,Suðurland
c_southisland,c_southisland,,
c_southisland,c_southisland_adj,,Suðurlandr
b_alftanes,b_alftanes,,Álftanes
b_alftanes,b_alftanes_adj,,
b_reykjavik,b_reykjavik,,Reykjarvík
b_reykjavik,b_reykjavik_adj,,
b_skalholt,b_skalholt,,Skálholt
b_skalholt,b_skalholt_adj,,
b_pingvellir,b_pingvellir,,þingvellir
b_pingvellir,b_pingvellir_adj,,
c_vestisland,PROV1,,Vesturland
c_vestisland,c_vestisland,,
c_vestisland,c_vestisland_adj,,West Icelandic
b_husavik,b_husavik,,Húsavík
b_husavik,b_husavik_adj,,
b_borgarnes,b_borgarnes,,Digranes
b_borgarnes,b_borgarnes_adj,,
c_austisland,PROV2,,Austurland
c_austisland,c_austisland,,
c_austisland,c_austisland_adj,,East Icelandic
b_seydifsjord,b_seydifsjord,,Seyðisfjörður
b_seydifsjord,b_seydifsjord_adj,,
c_nordisland,PROV1050,,Norðurland
c_nordisland,c_nordisland,,
c_nordisland,c_nordisland_adj,,Norðurlandr
b_borgarvirki,b_borgarvirki,,Borgarvirki
b_borgarvirki,b_borgarvirki_adj,,
b_hrisey,b_hrisey,,Hrisey
b_hrisey,b_hrisey_adj,,
b_akureyri,b_akureyri,,Akureyri
b_akureyri,b_akureyri_adj,,
k_sweden,k_sweden,,Sviaríki
k_sweden,k_sweden_adj,,Svenskr
k_sweden,norse,,Sviþjod
d_uppland,d_uppland,,Uppland
d_uppland,d_uppland_adj,,Upplander
d_uppland,norse,,Sviþjod
d_uppland,d_uppland_adj_norse,,Sviþjodish
c_uppland,PROV290,,Tiundaland
c_uppland,c_uppland,,
c_uppland,c_uppland_adj,,Upplander
b_uppsala,b_uppsala,,Uppsala
b_uppsala,b_uppsala_adj,,
b_uppsala,norse,,Uppsalir
b_rasbouppland,b_rasbouppland,,Resbo
b_rasbouppland,b_rasbouppland_adj,,
b_hatuna,b_hatuna,,Håtuna
b_hatuna,b_hatuna_adj,,
b_osthammarhus,b_osthammarhus,,Östhammarshus
b_osthammarhus,b_osthammarhus_adj,,
b_vaksala,b_vaksala,,Waxalle
b_vaksala,b_vaksala_adj,,
c_attundaland,PROV1073,,Attundaland
c_attundaland,c_attundaland,,
c_attundaland,c_attundaland_adj,,Attundalandr
b_stockholm,b_stockholm,,Stockholm
b_stockholm,b_stockholm_adj,,
b_sigtuna,b_sigtuna,,Sigtuna
b_sigtuna,b_sigtuna_adj,,
b_finsta,b_finsta,,Finsta
b_finsta,b_finsta_adj,,
b_penningby,b_penningby,,Penningby
b_penningby,b_penningby_adj,,
b_rydbo,b_rydbo,,Rydbo
b_rydbo,b_rydbo_adj,,
c_fjadrundaland,PROV1072,,Fjädrundaland
c_fjadrundaland,c_fjadrundaland,,
c_fjadrundaland,c_fjadrundaland_adj,,Fjädrundalandr
b_enkoping,b_enkoping,,Enköping
b_enkoping,b_enkoping_adj,,
b_enkoping,danish,,Enkøbing
b_enkoping,norwegian,,Enkøping
b_alsno,b_alsno,,Alsnö
b_alsno,b_alsno_adj,,
b_alsno,danish,,Alsnø
b_alsno,norwegian,,Alsnø
b_hagaslot,b_hagaslot,,Haga
b_hagaslot,b_hagaslot_adj,,
c_gastrikland,PROV286,,Gästrikland
c_gastrikland,c_gastrikland,,
c_gastrikland,c_gastrikland_adj,,Gästriklander
c_gastrikland,danish,,Gestrikland
c_gastrikland,norwegian,,Gestrikland
b_valbo,b_valbo,,Valbo
b_valbo,b_valbo_adj,,
b_hedesunda,b_hedesunda,,Hedesunda
b_hedesunda,b_hedesunda_adj,,
b_ockelbo,b_ockelbo,,Ockelbo
b_ockelbo,b_ockelbo_adj,,
b_hamrange,b_hamrange,,Hamrånge
b_hamrange,b_hamrange_adj,,
c_aland,PROV291,,Åland
c_aland,c_aland,,
c_aland,c_aland_adj,,Ålander
b_kastelholm,b_kastelholm,,Kastelholm
b_kastelholm,b_kastelholm_adj,,
b_sund,b_sund,,Sund
b_sund,b_sund_adj,,
d_ostergotland,d_ostergotland,,Östergötland
d_ostergotland,d_ostergotland_adj,,East Geatish
d_ostergotland,danish,,Østergøtland
d_ostergotland,norse,,Austrgautland
d_ostergotland,d_ostergotland_adj_norse,,Austrgautlandish
d_ostergotland,norwegian,,Austrgautland
d_ostergotland,d_ostergotland_adj_norwegian,,Austrgautlandish
c_ostergotland,PROV293,,Östergötland
c_ostergotland,c_ostergotland,,
c_ostergotland,c_ostergotland_adj,,East Geatish
c_ostergotland,danish,,Østergøtland
c_ostergotland,norwegian,,Austrgautland
b_stegeborg,b_stegeborg,,Stegeborg
b_stegeborg,b_stegeborg_adj,,
b_vadstena,b_vadstena,,Vadstena
b_vadstena,b_vadstena_adj,,
b_soderkoping,b_soderkoping,,Söderköping
b_soderkoping,b_soderkoping_adj,,
b_soderkoping,danish,,Søderkøbing
b_soderkoping,norwegian,,Søderkøping
b_linkoping,b_linkoping,,Linköping
b_linkoping,b_linkoping_adj,,
b_linkoping,danish,,Linkøbing
b_linkoping,norwegian,,Linkøping
b_skanninge,b_skanninge,,Skänninge
b_skanninge,b_skanninge_adj,,
b_skanninge,danish,,Skænninge
b_skanninge,norwegian,,Skænninge
c_more,PROV931,,Möre
c_more,c_more,,
c_more,c_more_adj,,Mörer
c_more,norse,,Möre
b_kalmarslott,b_kalmarslott,,Kalmarslott
b_kalmarslott,b_kalmarslott_adj,,
b_vimmerby,b_vimmerby,,Vimmerby
b_vimmerby,b_vimmerby_adj,,
b_kalmar,b_kalmar,,Kalmar
b_kalmar,b_kalmar_adj,,
c_oland,PROV300,,Öland
c_oland,c_oland,,
c_oland,c_oland_adj,,Ölander
c_oland,danish,,Øland
c_oland,norwegian,,Øland
b_borgholm,b_borgholm,,Borgholm
b_borgholm,b_borgholm_adj,,
b_eketorp,b_eketorp,,Eketorp
b_eketorp,b_eketorp_adj,,
b_hauldtorp,b_hauldtorp,,Hauldtorp
b_hauldtorp,b_hauldtorp_adj,,
c_smaland,PROV298,,Njudung
c_smaland,c_smaland,,
c_smaland,c_smaland_adj,,Värender
b_nasborg,b_nasborg,,Nâsborg
b_nasborg,b_nasborg_adj,,
b_nasborg,danish,,Næsborg
b_nasborg,norwegian,,Næsborg
b_ekesjo,b_ekesjo,,Ekesjö
b_ekesjo,b_ekesjo_adj,,
b_jonkoping,b_jonkoping,,Jönköping
b_jonkoping,b_jonkoping_adj,,
b_jonkoping,danish,,Jønkøbing
b_jonkoping,norwegian,,Jønkøping
c_tjust,PROV932,,Värend
c_tjust,c_tjust,,
c_tjust,c_tjust_adj,,Värendr
b_kronoberg,b_kronoberg,,Kronoberg
b_kronoberg,b_kronoberg_adj,,
b_vaxjo,b_vaxjo,,Växjö
b_vaxjo,b_vaxjo_adj,,
c_finnveden,PROV1311,,Finnveden
c_finnveden,c_finnveden,,
c_finnveden,c_finnveden_adj,,Finnvedenr
b_ljungby,b_ljungby,,Ljungby
b_ljungby,b_ljungby_adj,,
b_piksborg,b_piksborg,,Piksborg
b_piksborg,b_piksborg_adj,,
d_vastergotland,d_vastergotland,,Västergötland
d_vastergotland,d_vastergotland_adj,,West Geatish
d_vastergotland,norse,,Vestrgautland
d_vastergotland,d_vastergotland_adj_norse,,Vestrgautlandish
d_vastergotland,d_vastergotland_adj_norwegian,,Vestrgautlandish
c_skara,PROV1071,,Skara
c_skara,c_skara,,
c_skara,c_skara_adj,,Skarar
b_galakvist,b_galakvist,,Gälakvist
b_galakvist,b_galakvist_adj,,
b_galakvist,danish,,Gælakvist
b_galakvist,norwegian,,Gælakvist
b_ymseborg,b_ymseborg,,Ymseborg
b_ymseborg,b_ymseborg_adj,,
b_lacko,b_lacko,,Läckö
b_lacko,b_lacko_adj,,
b_lacko,danish,,Læckø
b_lacko,norwegian,,Læckø
b_arneasborg,b_arneasborg,,Aranæs
b_arneasborg,b_arneasborg_adj,,
b_arneasborg,bavarian,,Arnis
b_arneasborg,dutch,,Arnis
b_arneasborg,franconian,,Arnis
b_arneasborg,german,,Arnis
b_arneasborg,low_frankish,,Arnis
b_arneasborg,low_german,,Arnis
b_arneasborg,low_saxon,,Arnis
b_arneasborg,swabian,,Arnis
b_arneasborg,thuringian,,Arnis
b_skara,b_skara,,Skara
b_skara,b_skara_adj,,
c_vastergotland,PROV297,,Lödöse
c_vastergotland,c_vastergotland,,
c_vastergotland,c_vastergotland_adj,,West Geatish
c_vastergotland,danish,,Lødøse
c_vastergotland,norwegian,,Lødøse
b_falkoping,b_falkoping,,Falköping
b_falkoping,b_falkoping_adj,,
b_falkoping,danish,,Falkøbing
b_falkoping,norwegian,,Falkøping
b_lindholmen,b_lindholmen,,Lindholmen
b_lindholmen,b_lindholmen_adj,,
b_lena,b_lena,,Lena
b_lena,b_lena_adj,,
b_lodose,b_lodose,,Lödöse
b_lodose,b_lodose_adj,,
b_lodose,danish,,Lødøse
b_lodose,norwegian,,Lødøse
c_dal,PROV295,,Dal
c_dal,c_dal,,
c_dal,c_dal_adj,,Dalabo
b_dalaborg,b_dalaborg,,Dalaborg
b_dalaborg,b_dalaborg_adj,,
b_bolstad,b_bolstad,,Bolstad
b_bolstad,b_bolstad_adj,,
d_sodermandland,d_sodermandland,,Södermanland
d_sodermandland,d_sodermandland_adj,,Södermanish
c_varmland,PROV288,,Värmilland
c_varmland,c_varmland,,
c_varmland,c_varmland_adj,,Värmlander
c_varmland,danish,,Værmland
c_varmland,norwegian,,Vermland
b_saxholm,b_saxholm,,Saxholm
b_saxholm,b_saxholm_adj,,
b_arvika,b_arvika,,Arvika
b_arvika,b_arvika_adj,,
b_josse,b_josse,,Jösse
b_josse,b_josse_adj,,
c_narke,PROV294,,Nerike
c_narke,c_narke,,
c_narke,c_narke_adj,,Närkian
c_narke,danish,,Nerke
c_narke,norwegian,,Nerike
b_goksholm,b_goksholm,,Göksholm
b_goksholm,b_goksholm_adj,,
b_goksholm,danish,,Gøksholm
b_goksholm,norwegian,,Gøksholm
b_orebro,b_orebro,,Örebro
b_orebro,b_orebro_adj,,
b_orebro,danish,,Ørebro
b_orebro,norwegian,,Ørebro
b_mosas,b_mosas,,Mosås
b_mosas,b_mosas_adj,,
c_sodermanland,PROV292,,Södermanland
c_sodermanland,c_sodermanland,,
c_sodermanland,c_sodermanland_adj,,Södermannian
c_sodermanland,danish,,Sødermanland
c_sodermanland,norwegian,,Sødermanland
b_telge,b_telge,,Telje
b_telge,b_telge_adj,,
b_gripsholm,b_gripsholm,,Gripsholm
b_gripsholm,b_gripsholm_adj,,
b_torshalla,b_torshalla,,Torshälla
b_torshalla,b_torshalla_adj,,
b_torshalla,danish,,Torshælla
b_torshalla,norwegian,,Torshælla
b_strangnas,b_strangnas,,Strängnäs
b_strangnas,b_strangnas_adj,,
b_strangnas,danish,,Strængnæs
b_strangnas,norwegian,,Strængnes
b_nykoping,b_nykoping,,Nyköping
b_nykoping,b_nykoping_adj,,
b_nykoping,danish,,Nykøbing
b_nykoping,norwegian,,Nykøping
c_vastmanland,PROV289,,Västmanland
c_vastmanland,c_vastmanland,,
c_vastmanland,c_vastmanland_adj,,Västmanlander
c_vastmanland,danish,,Vestmanland
c_vastmanland,norwegian,,Vestmanland
b_vasteras,b_vasteras,,Västerås
b_vasteras,b_vasteras_adj,,
b_vasteras,danish,,Vesterås
b_vasteras,norwegian,,Vesterås
b_arboga,b_arboga,,Arboga
b_arboga,b_arboga_adj,,
b_kopingshus,b_kopingshus,,Köpingshus
b_kopingshus,b_kopingshus_adj,,
b_kopingshus,danish,,Købingshus
b_kopingshus,norwegian,,Køpingshus
b_koping,b_koping,,Köping
b_koping,b_koping_adj,,
b_koping,danish,,Købing
b_koping,norwegian,,Køping
d_halsingland,d_halsingland,,Hälsingland
d_halsingland,d_halsingland_adj,,Hälsinglandish
c_dalarna,PROV287,,Järnbäraland
c_dalarna,c_dalarna,,
c_dalarna,c_dalarna_adj,,Dalish
c_dalarna,danish,,Jernbæraland
c_dalarna,norwegian,,Jernbæraland
b_borganas,b_borganas,,Borganäs
b_borganas,b_borganas_adj,,
b_kopparberg,b_kopparberg,,Kopparberg
b_kopparberg,b_kopparberg_adj,,
b_hedemora,b_hedemora,,Hedemora
b_hedemora,b_hedemora_adj,,
c_angermanland,PROV281,,Ångermanland
c_angermanland,c_angermanland,,
c_angermanland,c_angermanland_adj,,Ångermanlander
b_bjartra,b_bjartra,,Bjärtrå
b_bjartra,b_bjartra_adj,,
b_bjartra,danish,,Bjærtrå
b_bjartra,norwegian,,Bjertrå
b_ulvo,b_ulvo,,Ulvö
b_ulvo,b_ulvo_adj,,
b_ulvo,danish,,Ulvø
b_ulvo,norwegian,,Ulvø
b_natra,b_natra,,Nätra
b_natra,b_natra_adj,,
c_medelpad,PROV283,,Sunded
c_medelpad,c_medelpad,,
c_medelpad,c_medelpad_adj,,Medelpadian
b_selanger,b_selanger,,Selånger
b_selanger,b_selanger_adj,,
b_alno,b_alno,,Alnö
b_alno,b_alno_adj,,
b_alno,danish,,Alnø
b_alno,norwegian,,Alnø
b_njurunda,b_njurunda,,Njurunda
b_njurunda,b_njurunda_adj,,
c_halsingland,PROV285,,Alir
c_halsingland,c_halsingland,,
c_halsingland,c_halsingland_adj,,Hälsinglander
b_norrala,b_norrala,,Norrala
b_norrala,b_norrala_adj,,
b_hog,b_hog,,Hög
b_hog,b_hog_adj,,
b_jattendal,b_jattendal,,Jättendal
b_jattendal,b_jattendal_adj,,
b_jattendal,danish,,Jættendal
b_jattendal,norwegian,,Jættendal
d_gotland,d_gotland,,Gotland
d_gotland,d_gotland_adj,,Gotlandish
d_gotland,danish,,Gulland
d_gotland,d_gotland_adj_danish,,Gullandish
d_gotland,norse,,Gautland
d_gotland,d_gotland_adj_norse,,Gautlandish
d_gotland,norwegian,,Gautland
d_gotland,d_gotland_adj_norwegian,,Gautlandish
c_gotland,PROV301,,Gotland
c_gotland,c_gotland,,
c_gotland,c_gotland_adj,,Gotlander
c_gotland,danish,,Gulland
c_gotland,norse,,Gautland
b_visby,b_visby,,Visby
b_visby,b_visby_adj,,
b_visborg,b_visborg,,Visborg
b_visborg,b_visborg_adj,,
b_slite,b_slite,,Slite
b_slite,b_slite_adj,,
b_geatish_roma,b_geatish_roma,,Roma
b_geatish_roma,b_geatish_roma_adj,,
b_othem,b_othem,,Othem
b_othem,b_othem_adj,,
k_norway,k_norway,,Norégr
k_norway,k_norway_adj,,Norskr
d_ostlandet,d_ostlandet,,Víken
d_ostlandet,d_ostlandet_adj,,Víkian
c_vestfold,PROV271,,Vestfold
c_vestfold,c_vestfold,,
c_vestfold,c_vestfold_adj,,Vestfoldr
b_kaupang,b_kaupang,,Kaupangr
b_kaupang,b_kaupang_adj,,
b_horten,b_horten,,Holtar
b_horten,b_horten_adj,,
b_skiringssal,b_skiringssal,,Skíringssalr
b_skiringssal,b_skiringssal_adj,,
b_tonsberg,b_tonsberg,,Túnsberg
b_tonsberg,b_tonsberg_adj,,
c_akershus,PROV272,,Vingulmörk
c_akershus,c_akershus,,
c_akershus,c_akershus_adj,,Vingulmörkr
b_oslo,b_oslo,,Óslo
b_oslo,b_oslo_adj,,
b_thorso,b_thorso,,Þórshof
b_thorso,b_thorso_adj,,
b_thorso,danish,,Tosowe
b_isegran,b_isegran,,Isegran
b_isegran,b_isegran_adj,,
b_akershus,b_akershus,,Akershus
b_akershus,b_akershus_adj,,
b_sarpsborg,b_sarpsborg,,Borg
b_sarpsborg,b_sarpsborg_adj,,
b_sarpsborg,danish,,Saresburgh
c_viken,PROV296,,Ránríki
c_viken,c_viken,,
c_viken,c_viken_adj,,Vikish
c_viken,c_viken_adj_norse,,Alfish
b_kungahalla,b_kungahalla,,Konungahella
b_kungahalla,b_kungahalla_adj,,
b_dragmark,b_dragmark,,Marieskog
b_dragmark,b_dragmark_adj,,
b_bohus,b_bohus,,Bagahus
b_bohus,b_bohus_adj,,
b_bohus,danish,,Bagahuus
b_ragnhildsholm,b_ragnhildsholm,,Ragnildarholmir
b_ragnhildsholm,b_ragnhildsholm_adj,,
c_agder,PROV268,,Egðafylki
c_agder,c_agder,,
c_agder,c_agder_adj,,Agðir
c_agder,short_name,,yes
b_spangereid,b_spangereid,,Spangareið
b_spangereid,b_spangereid_adj,,
b_liknes,b_liknes,,Hvinir
b_liknes,b_liknes_adj,,
b_oddernes,b_oddernes,,Otrunes
b_oddernes,b_oddernes_adj,,
b_tromoey,b_tromoey,,Þruma
b_tromoey,b_tromoey_adj,,
c_telemark,PROV270,,Þelamørk
c_telemark,c_telemark,,
c_telemark,c_telemark_adj,,Þelamørkr
b_skien,b_skien,,Skiða
b_skien,b_skien_adj,,
b_eidsborg,b_eidsborg,,Eiðsborg
b_eidsborg,b_eidsborg_adj,,
b_fivlavollen,b_fivlavollen,,Tiflavellir
b_fivlavollen,b_fivlavollen_adj,,
d_opplandene,d_opplandene,,Upplondum
d_opplandene,d_opplandene_adj,,Upplondr
d_opplandene,norse,,Uppland
c_hedmark,PROV276,,Heiðmørk
c_hedmark,c_hedmark,,
c_hedmark,c_hedmark_adj,,Heiðmørkr
b_hamarhus,b_hamarhus,,Hamarr
b_hamarhus,b_hamarhus_adj,,
b_flikkeshaug,b_flikkeshaug,,Fylkishaugr
b_flikkeshaug,b_flikkeshaug_adj,,
b_ringnes,b_ringnes,,Hringanes
b_ringnes,b_ringnes_adj,,
b_ringsaker,b_ringsaker,,Hringisakr
b_ringsaker,b_ringsaker_adj,,
c_gudbrandzdalar,PROV1099,,Guðbrandzdalar
c_gudbrandzdalar,c_gudbrandzdalar,,
c_gudbrandzdalar,c_gudbrandzdalar_adj,,Guðbrandzdœlir
b_dovre,b_dovre,,Dofrar
b_dovre,b_dovre_adj,,
b_lom,b_lom,,Lóm
b_lom,b_lom_adj,,
b_hundorp,b_hundorp,,Hundþorp
b_hundorp,b_hundorp_adj,,
c_raumrike,PROV1100,,Raumríkí
c_raumrike,c_raumrike,,
c_raumrike,c_raumrike_adj,,Raumríkír
b_kongsvinger,b_kongsvinger,,Vingr
b_kongsvinger,b_kongsvinger_adj,,
b_soerum,b_soerum,,Suðrheimr
b_soerum,b_soerum_adj,,
b_eidsvoll,b_eidsvoll,,Eiðsvellir
b_eidsvoll,b_eidsvoll_adj,,
c_oppland,PROV273,,Hringaríki
c_oppland,c_oppland,,
c_oppland,c_oppland_adj,,Hringaríkir
b_tanberg,b_tanberg,,Þornberg
b_tanberg,b_tanberg_adj,,
b_tingelstad,b_tingelstad,,Þengilstaðir
b_tingelstad,b_tingelstad_adj,,
b_hole,b_hole,,Hólar
b_hole,b_hole_adj,,
d_vestlandet,d_vestlandet,,Biorgvin
d_vestlandet,d_vestlandet_adj,,Horðr
c_bergenshus,PROV274,,Horðaland
c_bergenshus,c_bergenshus,,
c_bergenshus,c_bergenshus_adj,,Horðr
b_stoele,b_stoele,,Stuðla
b_stoele,b_stoele_adj,,
b_bergen,b_bergen,,Biorgvín
b_bergen,b_bergen_adj,,
b_bergenhus,b_bergenhus,,Hákonarhella
b_bergenhus,b_bergenhus_adj,,
b_torsnes,b_torsnes,,Þórsnes
b_torsnes,b_torsnes_adj,,
b_halsnoey,b_halsnoey,,Halsney
b_halsnoey,b_halsnoey_adj,,
b_mosterhamm,b_mosterhamm,,Mostr
b_mosterhamm,b_mosterhamm_adj,,
b_aarstad,b_aarstad,,Álreksstaðir
b_aarstad,b_aarstad_adj,,
b_seim,b_seim,,Sæheimr
b_seim,b_seim_adj,,
b_ask,b_ask,,Askr
b_ask,b_ask_adj,,
c_rogaland,PROV269,,Rygjafylki
c_rogaland,c_rogaland,,
c_rogaland,c_rogaland_adj,,Rogalander
c_rogaland,short_name,,yes
b_utstein,b_utstein,,Útsteinn
b_utstein,b_utstein_adj,,
b_haugesund,b_haugesund,,Haugar
b_haugesund,b_haugesund_adj,,
b_sola,b_sola,,Sóli
b_sola,b_sola_adj,,
b_avaldsnes,b_avaldsnes,,Aagvaldnes
b_avaldsnes,b_avaldsnes_adj,,
c_sogn,PROV1278,,Sygnafylki
c_sogn,c_sogn,,
c_sogn,c_sogn_adj,,Sognr
c_sogn,short_name,,yes
b_aurland,b_aurland,,Aurland
b_aurland,b_aurland_adj,,
b_hoeyanger,b_hoeyanger,,Heyangr
b_hoeyanger,b_hoeyanger_adj,,
c_foerde,PROV1067,,Firðafylki
c_foerde,c_foerde,,
c_foerde,c_foerde_adj,,Firðir
c_foerde,short_name,,yes
b_audunborg,b_audunborg,,Audanborg
b_audunborg,b_audunborg_adj,,
b_berle,b_berle,,Berðla
b_berle,b_berle_adj,,
b_aasmul,b_aasmul,,Aasmul
b_aasmul,b_aasmul_adj,,
d_more,d_more,,Mœri
d_more,d_more_adj,,Mœrir
c_nordland,PROV391,,Norðmœri
c_nordland,c_nordland,,
c_nordland,c_nordland_adj,,Norðmœrir
b_rissa,b_rissa,,Rein
b_rissa,b_rissa_adj,,
b_selva,b_selva,,Solvi
b_selva,b_selva_adj,,
b_austraat,b_austraat,,Austrátt
b_austraat,b_austraat_adj,,
b_bjerkestrand,b_bjerkestrand,,Birkistrond
b_bjerkestrand,b_bjerkestrand_adj,,
c_romsdal,PROV1289,,Raumsdalr
c_romsdal,c_romsdal,,
c_romsdal,c_romsdal_adj,,Raumsdœlir
b_hustad_romsdal,b_hustad_romsdal,,Húsastaðir
b_hustad_romsdal,b_hustad_romsdal_adj,,
c_sunmore,PROV1010,,Sunnmœri
c_sunmore,c_sunmore,,
c_sunmore,c_sunmore_adj,,Sunnmœrir
b_aspa,b_aspa,,Aspaey
b_aspa,b_aspa_adj,,
b_giske,b_giske,,Gizki
b_giske,b_giske_adj,,
b_blindheim,b_blindheim,,Blindheimr
b_blindheim,b_blindheim_adj,,
d_trondelag,d_trondelag,,Þrœndalóg
d_trondelag,d_trondelag_adj,,Þróndr
c_trondelag,PROV275,,Ytriþrœndalóg
c_trondelag,c_trondelag,,Nidaros
c_trondelag,c_trondelag_adj,,Ytriþrœndalóg
b_trondheim,b_trondheim,,Niðaróss
b_trondheim,b_trondheim_adj,,
b_sverresborg,b_sverresborg,,Sverrirborg
b_sverresborg,b_sverresborg_adj,,
b_sverresborg,danish,,Sverresburgh
b_alstadhaug,b_alstadhaug,,Aalvishaugr
b_alstadhaug,b_alstadhaug_adj,,
b_longtun,b_longtun,,Lagatýn
b_longtun,b_longtun_adj,,
b_lade,b_lade,,Hlaðir
b_lade,b_lade_adj,,
c_steinkjer,PROV1257,,Innriþrœndalóg
c_steinkjer,c_steinkjer,,
c_steinkjer,c_steinkjer_adj,,Innriþrœndalóg
b_steinkjer,b_steinkjer,,Steinker
b_steinkjer,b_steinkjer_adj,,
b_steinkjer,finnish,,Stientjie
b_steinkjer,karelian,,Stientjie
b_steinkjer,khanty,,Stientjie
b_steinkjer,komi,,Stientjie
b_steinkjer,lappish,,Stientjie
b_steinkjer,livonian,,Stientjie
b_steinkjer,mari,,Stientjie
b_steinkjer,mordvin,,Stientjie
b_steinkjer,samoyed,,Stientjie
b_steinkjer,ugricbaltic,,Stientjie
b_steinkjer,vepsian,,Stientjie
b_maere,b_maere,,Mærin
b_maere,b_maere_adj,,
b_egge,b_egge,,Egg
b_egge,b_egge_adj,,
d_halogaland,d_halogaland,,Hálogaland
d_halogaland,d_halogaland_adj,,Hálogalandr
c_halogaland,PROV278,,Hálogaland
c_halogaland,c_halogaland,,
c_halogaland,c_halogaland_adj,,Hálogalandr
b_vaagan,b_vaagan,,Vágar
b_vaagan,b_vaagan_adj,,
b_vaagan,finnish,,Vuogát
b_vaagan,karelian,,Vuogát
b_vaagan,khanty,,Vuogát
b_vaagan,komi,,Vuogát
b_vaagan,lappish,,Vuogát
b_vaagan,mari,,Vuogát
b_vaagan,mordvin,,Vuogát
b_vaagan,samoyed,,Vuogát
b_vaagan,ugricbaltic,,Vuogát
b_vaagan,vepsian,,Vuogát
b_bjarkoey,b_bjarkoey,,Bjarkey
b_bjarkoey,b_bjarkoey_adj,,
b_torget,b_torget,,Torga
b_torget,b_torget_adj,,
b_sandnessjoeen,b_sandnessjoeen,,Sandnes
b_sandnessjoeen,b_sandnessjoeen_adj,,
c_naumadal,PROV277,,Naumdœlfylki
c_naumadal,c_naumadal,,
c_naumadal,c_naumadal_adj,,Naumdœlir
c_naumadal,short_name,,yes
b_fosnes,b_fosnes,,Fólgsnnes
b_fosnes,b_fosnes_adj,,
c_finnmark,PROV389,,Finnmörk
c_finnmark,c_finnmark,,
c_finnmark,c_finnmark_adj,,Finnr
c_finnmark,finnish,,Finnmárku
c_finnmark,karelian,,Finnmárku
c_finnmark,khanty,,Finnmárku
c_finnmark,komi,,Finnmárku
c_finnmark,lappish,,Finnmárku
c_finnmark,mari,,Finnmárku
c_finnmark,mordvin,,Finnmárku
c_finnmark,samoyed,,Finnmárku
c_finnmark,ugricbaltic,,Finnmárku
c_finnmark,vepsian,,Finnmárku
b_tromsoe,b_tromsoe,,Troms
b_tromsoe,b_tromsoe_adj,,
b_tromsoe,finnish,,Tromssa
b_tromsoe,karelian,,Tromssa
b_tromsoe,khanty,,Tromssa
b_tromsoe,komi,,Tromssa
b_tromsoe,lappish,,Tromssa
b_tromsoe,mari,,Tromssa
b_tromsoe,mordvin,,Tromssa
b_tromsoe,samoyed,,Tromssa
b_tromsoe,ugricbaltic,,Tromssa
b_tromsoe,vepsian,,Tromssa
d_jamtland,d_jamtland,,Jamtaland
d_jamtland,d_jamtland_adj,,Jamtalandr
c_jamtland,PROV282,,Jamtaland
c_jamtland,c_jamtland,,
c_jamtland,c_jamtland_adj,,Jamtalandr
b_vasterhus,b_vasterhus,,Vestrhus
b_vasterhus,b_vasterhus_adj,,
b_brunflo,b_brunflo,,Hagnastadha
b_brunflo,b_brunflo_adj,,
c_herjedalen,PROV284,,Herjárdalr
c_herjedalen,c_herjedalen,,
c_herjedalen,c_herjedalen_adj,,Herjárdœlir
b_lillhardal,b_lillhardal,,Lillhärdal
b_lillhardal,b_lillhardal_adj,,
b_sveg,b_sveg,,Sveigr
b_sveg,b_sveg_adj,,
d_faereyar,d_faereyar,,Faereyar
d_faereyar,d_faereyar_adj,,Faereyar
c_faereyar,PROV33,,Færeyar
c_faereyar,c_faereyar,,
c_faereyar,c_faereyar_adj,,Fairy
b_klaksvik,b_klaksvik,,Klaksvik
b_klaksvik,b_klaksvik_adj,,
b_skansin,b_skansin,,Skansin
b_skansin,b_skansin_adj,,
k_finland,k_finland,,Suomi
k_finland,k_finland_adj,,Suomalainen
k_finland,anglonorse,,Finlandi
k_finland,danish,,Østærland
k_finland,finnish,,Suomi
k_finland,gothic,,Österland
k_finland,karelian,,Suomi
k_finland,khanty,,Suomi
k_finland,komi,,Suomi
k_finland,lappish,,Suomi
k_finland,lettigallish,,Suomi
k_finland,lithuanian,,Suomi
k_finland,livonian,,Suomi
k_finland,mari,,Suomi
k_finland,mordvin,,Suomi
k_finland,norse,,Finlandi
k_finland,norwegian,,Finlandi
k_finland,prussian,,Suomi
k_finland,samoyed,,Suomi
k_finland,saxon,,Cwenaland
k_finland,swedish,,Österland
k_finland,ugricbaltic,,Suomi
k_finland,vepsian,,Suomi
d_finland,d_finland,,Suomi
d_finland,d_finland_adj,,Suomalainen
d_finland,anglonorse,,Finlandi
d_finland,danish,,Østærland
d_finland,finnish,,Suomi
d_finland,gothic,,Österland
d_finland,karelian,,Suomi
d_finland,khanty,,Suomi
d_finland,komi,,Suomi
d_finland,lappish,,Suomi
d_finland,lettigallish,,Suomi
d_finland,lithuanian,,Suomi
d_finland,livonian,,Suomi
d_finland,mari,,Suomi
d_finland,mordvin,,Suomi
d_finland,norse,,Finlandi
d_finland,norwegian,,Finlandi
d_finland,prussian,,Suomi
d_finland,samoyed,,Suomi
d_finland,swedish,,Österland
d_finland,ugricbaltic,,Suomi
d_finland,vepsian,,Suomi
c_finland,PROV382,,Finland
c_finland,c_finland,,
c_finland,c_finland_adj,,Finlander
c_finland,finnish,,Suomi
c_finland,karelian,,Suomi
c_finland,khanty,,Suomi
c_finland,komi,,Suomi
c_finland,lappish,,Suomi
c_finland,lettigallish,,Suomi
c_finland,lithuanian,,Suomi
c_finland,livonian,,Suomi
c_finland,mari,,Suomi
c_finland,mordvin,,Suomi
c_finland,prussian,,Suomi
c_finland,samoyed,,Suomi
c_finland,ugricbaltic,,Suomi
c_finland,vepsian,,Suomi
b_lieto,b_lieto,,Lieto
b_lieto,b_lieto_adj,,
b_kuusisto,b_kuusisto,,Kustö
b_kuusisto,b_kuusisto_adj,,
b_kuusisto,finnish,,Kuusisto
b_kuusisto,karelian,,Kuusisto
b_kuusisto,khanty,,Kuusisto
b_kuusisto,komi,,Kuusisto
b_kuusisto,lappish,,Kuusisto
b_kuusisto,lettigallish,,Kuusisto
b_kuusisto,lithuanian,,Kuusisto
b_kuusisto,livonian,,Kuusisto
b_kuusisto,mari,,Kuusisto
b_kuusisto,mordvin,,Kuusisto
b_kuusisto,prussian,,Kuusisto
b_kuusisto,samoyed,,Kuusisto
b_kuusisto,ugricbaltic,,Kuusisto
b_kuusisto,vepsian,,Kuusisto
b_naantali,b_naantali,,Nådendal
b_naantali,b_naantali_adj,,
b_naantali,finnish,,Naantali
b_naantali,karelian,,Naantali
b_naantali,khanty,,Naantali
b_naantali,komi,,Naantali
b_naantali,lappish,,Naantali
b_naantali,lettigallish,,Naantali
b_naantali,lithuanian,,Naantali
b_naantali,livonian,,Naantali
b_naantali,mari,,Naantali
b_naantali,mordvin,,Naantali
b_naantali,prussian,,Naantali
b_naantali,samoyed,,Naantali
b_naantali,ugricbaltic,,Naantali
b_naantali,vepsian,,Naantali
b_turku,b_turku,,Åbo
b_turku,b_turku_adj,,
b_turku,finnish,,Turku
b_turku,karelian,,Turku
b_turku,khanty,,Turku
b_turku,komi,,Turku
b_turku,lappish,,Turku
b_turku,lettigallish,,Turku
b_turku,lithuanian,,Turku
b_turku,livonian,,Turku
b_turku,mari,,Turku
b_turku,mordvin,,Turku
b_turku,prussian,,Turku
b_turku,samoyed,,Turku
b_turku,ugricbaltic,,Turku
b_turku,vepsian,,Turku
b_stenberga,b_stenberga,,Stenberga
b_stenberga,b_stenberga_adj,,
b_stenberga,finnish,,Teinperi
b_stenberga,karelian,,Teinperi
b_stenberga,khanty,,Teinperi
b_stenberga,komi,,Teinperi
b_stenberga,lappish,,Teinperi
b_stenberga,lettigallish,,Teinperi
b_stenberga,lithuanian,,Teinperi
b_stenberga,livonian,,Teinperi
b_stenberga,mari,,Teinperi
b_stenberga,mordvin,,Teinperi
b_stenberga,prussian,,Teinperi
b_stenberga,samoyed,,Teinperi
b_stenberga,ugricbaltic,,Teinperi
b_stenberga,vepsian,,Teinperi
c_nyland,PROV381,,Nyland
c_nyland,c_nyland,,
c_nyland,c_nyland_adj,,Nylander
c_nyland,finnish,,Uusimaa
c_nyland,karelian,,Uusimaa
c_nyland,khanty,,Uusimaa
c_nyland,komi,,Uusimaa
c_nyland,lappish,,Uusimaa
c_nyland,lettigallish,,Uusimaa
c_nyland,lithuanian,,Uusimaa
c_nyland,livonian,,Uusimaa
c_nyland,mari,,Uusimaa
c_nyland,mordvin,,Uusimaa
c_nyland,prussian,,Uusimaa
c_nyland,samoyed,,Uusimaa
c_nyland,ugricbaltic,,Uusimaa
c_nyland,vepsian,,Uusimaa
b_porvoo,b_porvoo,,Borgå
b_porvoo,b_porvoo_adj,,
b_porvoo,finnish,,Porvoo
b_porvoo,karelian,,Porvoo
b_porvoo,khanty,,Porvoo
b_porvoo,komi,,Porvoo
b_porvoo,lappish,,Porvoo
b_porvoo,lettigallish,,Porvoo
b_porvoo,lithuanian,,Porvoo
b_porvoo,livonian,,Porvoo
b_porvoo,mari,,Porvoo
b_porvoo,mordvin,,Porvoo
b_porvoo,prussian,,Porvoo
b_porvoo,samoyed,,Porvoo
b_porvoo,ugricbaltic,,Porvoo
b_porvoo,vepsian,,Porvoo
b_lohja,b_lohja,,Lojo
b_lohja,b_lohja_adj,,
b_lohja,finnish,,Lohja
b_lohja,karelian,,Lohja
b_lohja,khanty,,Lohja
b_lohja,komi,,Lohja
b_lohja,lappish,,Lohja
b_lohja,lettigallish,,Lohja
b_lohja,lithuanian,,Lohja
b_lohja,livonian,,Lohja
b_lohja,mari,,Lohja
b_lohja,mordvin,,Lohja
b_lohja,prussian,,Lohja
b_lohja,samoyed,,Lohja
b_lohja,ugricbaltic,,Lohja
b_lohja,vepsian,,Lohja
b_kirkkonummi,b_kirkkonummi,,Kyrkslätt
b_kirkkonummi,b_kirkkonummi_adj,,
b_kirkkonummi,finnish,,Kirkkonummi
b_kirkkonummi,karelian,,Kirkkonummi
b_kirkkonummi,khanty,,Kirkkonummi
b_kirkkonummi,komi,,Kirkkonummi
b_kirkkonummi,lappish,,Kirkkonummi
b_kirkkonummi,lettigallish,,Kirkkonummi
b_kirkkonummi,lithuanian,,Kirkkonummi
b_kirkkonummi,livonian,,Kirkkonummi
b_kirkkonummi,mari,,Kirkkonummi
b_kirkkonummi,mordvin,,Kirkkonummi
b_kirkkonummi,prussian,,Kirkkonummi
b_kirkkonummi,samoyed,,Kirkkonummi
b_kirkkonummi,ugricbaltic,,Kirkkonummi
b_kirkkonummi,vepsian,,Kirkkonummi
b_raseborg,b_raseborg,,Raseborg
b_raseborg,b_raseborg_adj,,
b_raseborg,finnish,,Raaseporin
b_raseborg,karelian,,Raaseporin
b_raseborg,khanty,,Raaseporin
b_raseborg,komi,,Raaseporin
b_raseborg,lappish,,Raaseporin
b_raseborg,lettigallish,,Raaseporin
b_raseborg,lithuanian,,Raaseporin
b_raseborg,livonian,,Raaseporin
b_raseborg,mari,,Raaseporin
b_raseborg,mordvin,,Raaseporin
b_raseborg,prussian,,Raaseporin
b_raseborg,samoyed,,Raaseporin
b_raseborg,ugricbaltic,,Raaseporin
b_raseborg,vepsian,,Raaseporin
b_jukarsborg,b_jukarsborg,,Jukarsborg
b_jukarsborg,b_jukarsborg_adj,,
b_jukarsborg,danish,,Junkarsburgh
b_jukarsborg,finnish,,Junkarsborg
b_jukarsborg,karelian,,Junkarsborg
b_jukarsborg,khanty,,Junkarsborg
b_jukarsborg,komi,,Junkarsborg
b_jukarsborg,lappish,,Junkarsborg
b_jukarsborg,lettigallish,,Junkarsborg
b_jukarsborg,lithuanian,,Junkarsborg
b_jukarsborg,livonian,,Junkarsborg
b_jukarsborg,mari,,Junkarsborg
b_jukarsborg,mordvin,,Junkarsborg
b_jukarsborg,prussian,,Junkarsborg
b_jukarsborg,samoyed,,Junkarsborg
b_jukarsborg,ugricbaltic,,Junkarsborg
b_jukarsborg,vepsian,,Junkarsborg
c_tavasts,PROV383,,Tavastland
c_tavasts,c_tavasts,,
c_tavasts,c_tavasts_adj,,Tavastian
c_tavasts,finnish,,Häme
c_tavasts,karelian,,Häme
c_tavasts,khanty,,Häme
c_tavasts,komi,,Häme
c_tavasts,lappish,,Häme
c_tavasts,lettigallish,,Häme
c_tavasts,lithuanian,,Häme
c_tavasts,livonian,,Häme
c_tavasts,mari,,Häme
c_tavasts,mordvin,,Häme
c_tavasts,prussian,,Häme
c_tavasts,russian,,Yam
c_tavasts,samoyed,,Häme
c_tavasts,ugricbaltic,,Häme
c_tavasts,vepsian,,Häme
b_harviala,b_harviala,,Harviala
b_harviala,b_harviala_adj,,
b_hakoisten,b_hakoisten,,Hagaborg
b_hakoisten,b_hakoisten_adj,,
b_hakoisten,danish,,Hagaburgh
b_hakoisten,finnish,,Hakoisten
b_hakoisten,karelian,,Hakoisten
b_hakoisten,khanty,,Hakoisten
b_hakoisten,komi,,Hakoisten
b_hakoisten,lappish,,Hakoisten
b_hakoisten,lettigallish,,Hakoisten
b_hakoisten,lithuanian,,Hakoisten
b_hakoisten,livonian,,Hakoisten
b_hakoisten,mari,,Hakoisten
b_hakoisten,mordvin,,Hakoisten
b_hakoisten,prussian,,Hakoisten
b_hakoisten,samoyed,,Hakoisten
b_hakoisten,ugricbaltic,,Hakoisten
b_hakoisten,vepsian,,Hakoisten
b_vanaja,b_vanaja,,Vanaja
b_vanaja,b_vanaja_adj,,
b_vanaja,russian,,Vanai
b_holoola,b_holoola,,Hollola
b_holoola,b_holoola_adj,,
b_hameenlinna,b_hameenlinna,,Tauestahus
b_hameenlinna,b_hameenlinna_adj,,
b_hameenlinna,finnish,,Hämeenlinna
b_hameenlinna,karelian,,Hämeenlinna
b_hameenlinna,khanty,,Hämeenlinna
b_hameenlinna,komi,,Hämeenlinna
b_hameenlinna,lappish,,Hämeenlinna
b_hameenlinna,lettigallish,,Hämeenlinna
b_hameenlinna,lithuanian,,Hämeenlinna
b_hameenlinna,livonian,,Hämeenlinna
b_hameenlinna,mari,,Hämeenlinna
b_hameenlinna,mordvin,,Hämeenlinna
b_hameenlinna,norse,,Taffwestaborg
b_hameenlinna,prussian,,Hämeenlinna
b_hameenlinna,samoyed,,Hämeenlinna
b_hameenlinna,ugricbaltic,,Hämeenlinna
b_hameenlinna,vepsian,,Hämeenlinna
c_satakunta,PROV384,,Satakunda
c_satakunta,c_satakunta,,
c_satakunta,c_satakunta_adj,,Satakuntan
c_satakunta,finnish,,Satakunta
c_satakunta,karelian,,Satakunta
c_satakunta,khanty,,Satakunta
c_satakunta,komi,,Satakunta
c_satakunta,lappish,,Satakunta
c_satakunta,lettigallish,,Satakunta
c_satakunta,lithuanian,,Satakunta
c_satakunta,livonian,,Satakunta
c_satakunta,mari,,Satakunta
c_satakunta,mordvin,,Satakunta
c_satakunta,prussian,,Satakunta
c_satakunta,samoyed,,Satakunta
c_satakunta,ugricbaltic,,Satakunta
c_satakunta,vepsian,,Satakunta
b_pori,b_pori,,Björneborg
b_pori,b_pori_adj,,
b_pori,finnish,,Pori
b_pori,karelian,,Pori
b_pori,khanty,,Pori
b_pori,komi,,Pori
b_pori,lappish,,Pori
b_pori,lettigallish,,Pori
b_pori,lithuanian,,Pori
b_pori,livonian,,Pori
b_pori,mari,,Pori
b_pori,mordvin,,Pori
b_pori,prussian,,Pori
b_pori,samoyed,,Pori
b_pori,ugricbaltic,,Pori
b_pori,vepsian,,Pori
b_liinmaa,b_liinmaa,,Vreghdenborch
b_liinmaa,b_liinmaa_adj,,
b_liinmaa,finnish,,Liinmaa
b_liinmaa,karelian,,Liinmaa
b_liinmaa,khanty,,Liinmaa
b_liinmaa,komi,,Liinmaa
b_liinmaa,lappish,,Liinmaa
b_liinmaa,lettigallish,,Liinmaa
b_liinmaa,lithuanian,,Liinmaa
b_liinmaa,livonian,,Liinmaa
b_liinmaa,mari,,Liinmaa
b_liinmaa,mordvin,,Liinmaa
b_liinmaa,prussian,,Liinmaa
b_liinmaa,samoyed,,Liinmaa
b_liinmaa,ugricbaltic,,Liinmaa
b_liinmaa,vepsian,,Liinmaa
b_ulvila,b_ulvila,,Ulvsby
b_ulvila,b_ulvila_adj,,
b_ulvila,finnish,,Ulvila
b_ulvila,karelian,,Ulvila
b_ulvila,khanty,,Ulvila
b_ulvila,komi,,Ulvila
b_ulvila,lappish,,Ulvila
b_ulvila,lettigallish,,Ulvila
b_ulvila,lithuanian,,Ulvila
b_ulvila,livonian,,Ulvila
b_ulvila,mari,,Ulvila
b_ulvila,mordvin,,Ulvila
b_ulvila,prussian,,Ulvila
b_ulvila,samoyed,,Ulvila
b_ulvila,ugricbaltic,,Ulvila
b_ulvila,vepsian,,Ulvila
c_savolaks,PROV390,,Savolax
c_savolaks,c_savolaks,,
c_savolaks,c_savolaks_adj,,Savolaksian
c_savolaks,finnish,,Savo
c_savolaks,karelian,,Savo
c_savolaks,khanty,,Savo
c_savolaks,komi,,Savo
c_savolaks,lappish,,Savo
c_savolaks,lettigallish,,Savo
c_savolaks,lithuanian,,Savo
c_savolaks,livonian,,Savo
c_savolaks,mari,,Savo
c_savolaks,mordvin,,Savo
c_savolaks,prussian,,Savo
c_savolaks,samoyed,,Savo
c_savolaks,ugricbaltic,,Savo
c_savolaks,vepsian,,Savo
b_ristiina,b_ristiina,,Kristina
b_ristiina,b_ristiina_adj,,
b_ristiina,finnish,,Ristiina
b_ristiina,karelian,,Ristiina
b_ristiina,khanty,,Ristiina
b_ristiina,komi,,Ristiina
b_ristiina,lappish,,Ristiina
b_ristiina,lettigallish,,Ristiina
b_ristiina,lithuanian,,Ristiina
b_ristiina,livonian,,Ristiina
b_ristiina,mari,,Ristiina
b_ristiina,mordvin,,Ristiina
b_ristiina,prussian,,Ristiina
b_ristiina,samoyed,,Ristiina
b_ristiina,ugricbaltic,,Ristiina
b_ristiina,vepsian,,Ristiina
b_kuopio,b_kuopio,,Kuopio
b_kuopio,b_kuopio_adj,,
b_olavinlinna,b_olavinlinna,,Olofsborg
b_olavinlinna,b_olavinlinna_adj,,
b_olavinlinna,danish,,Olofsburgh
b_olavinlinna,finnish,,Olavinlinna
b_olavinlinna,karelian,,Olavinlinna
b_olavinlinna,khanty,,Olavinlinna
b_olavinlinna,komi,,Olavinlinna
b_olavinlinna,lappish,,Olavinlinna
b_olavinlinna,lettigallish,,Olavinlinna
b_olavinlinna,lithuanian,,Olavinlinna
b_olavinlinna,livonian,,Olavinlinna
b_olavinlinna,mari,,Olavinlinna
b_olavinlinna,mordvin,,Olavinlinna
b_olavinlinna,prussian,,Olavinlinna
b_olavinlinna,samoyed,,Olavinlinna
b_olavinlinna,ugricbaltic,,Olavinlinna
b_olavinlinna,vepsian,,Olavinlinna
d_viipuri,d_viipuri,,Viipuri
d_viipuri,d_viipuri_adj,,Viipuriesko
d_viipuri,d_viipuri_adj_bohemian,,Korela
d_viipuri,d_viipuri_adj_bosnian,,Korela
d_viipuri,d_viipuri_adj_bulgarian,,Korela
d_viipuri,d_viipuri_adj_croatian,,Korela
d_viipuri,finnish,,Viipurii
d_viipuri,d_viipuri_adj_karantanci,,Korela
d_viipuri,karelian,,Viipurii
d_viipuri,khanty,,Viipurii
d_viipuri,komi,,Viipurii
d_viipuri,lappish,,Viipurii
d_viipuri,lettigallish,,Viipurii
d_viipuri,lithuanian,,Viipurii
d_viipuri,livonian,,Viipurii
d_viipuri,mari,,Viipurii
d_viipuri,d_viipuri_adj_moravian,,Korela
d_viipuri,mordvin,,Viipurii
d_viipuri,d_viipuri_adj_polish,,Korela
d_viipuri,d_viipuri_adj_pommeranian,,Korela
d_viipuri,prussian,,Viipurii
d_viipuri,russian,,Vyborg
d_viipuri,d_viipuri_adj_russian,,Korela
d_viipuri,samoyed,,Viipurii
d_viipuri,d_viipuri_adj_serbian,,Korela
d_viipuri,ugricbaltic,,Viipurii
d_viipuri,vepsian,,Viipurii
c_viipuri,PROV1296,,Viipuri
c_viipuri,c_viipuri,,
c_viipuri,c_viipuri_adj,,Viipuri
b_virolahti,b_virolahti,,Vederlax
b_virolahti,b_virolahti_adj,,
b_virolahti,finnish,,Virolahti
b_virolahti,karelian,,Virolahti
b_virolahti,khanty,,Virolahti
b_virolahti,komi,,Virolahti
b_virolahti,lappish,,Virolahti
b_virolahti,lettigallish,,Virolahti
b_virolahti,lithuanian,,Virolahti
b_virolahti,livonian,,Virolahti
b_virolahti,mari,,Virolahti
b_virolahti,mordvin,,Virolahti
b_virolahti,prussian,,Virolahti
b_virolahti,russian,,Virolahti
b_virolahti,samoyed,,Virolahti
b_virolahti,ugricbaltic,,Virolahti
b_virolahti,vepsian,,Virolahti
b_koivisto,b_koivisto,,Björkö
b_koivisto,b_koivisto_adj,,
b_koivisto,finnish,,Koivisto
b_koivisto,karelian,,Koivisto
b_koivisto,khanty,,Koivisto
b_koivisto,komi,,Koivisto
b_koivisto,lappish,,Koivisto
b_koivisto,lettigallish,,Koivisto
b_koivisto,lithuanian,,Koivisto
b_koivisto,livonian,,Koivisto
b_koivisto,mari,,Koivisto
b_koivisto,mordvin,,Koivisto
b_koivisto,prussian,,Koivisto
b_koivisto,russian,,Beryozovskoye
b_koivisto,samoyed,,Koivisto
b_koivisto,ugricbaltic,,Koivisto
b_koivisto,vepsian,,Koivisto
b_viipuri,b_viipuri,,Viborg
b_viipuri,b_viipuri_adj,,
b_viipuri,finnish,,Viipurii
b_viipuri,karelian,,Viipurii
b_viipuri,khanty,,Viipurii
b_viipuri,komi,,Viipurii
b_viipuri,lappish,,Viipurii
b_viipuri,lettigallish,,Viipurii
b_viipuri,lithuanian,,Viipurii
b_viipuri,livonian,,Viipurii
b_viipuri,mari,,Viipurii
b_viipuri,mordvin,,Viipurii
b_viipuri,prussian,,Viipurii
b_viipuri,russian,,Vyborg
b_viipuri,samoyed,,Viipurii
b_viipuri,ugricbaltic,,Viipurii
b_viipuri,vepsian,,Viipurii
c_kexholm,PROV392,,Kexholm
c_kexholm,c_kexholm,,
c_kexholm,c_kexholm_adj,,Kexholmian
c_kexholm,finnish,,Käkisalmi
c_kexholm,karelian,,Käkisalmi
c_kexholm,khanty,,Käkisalmi
c_kexholm,komi,,Käkisalmi
c_kexholm,lappish,,Käkisalmi
c_kexholm,lettigallish,,Käkisalmi
c_kexholm,lithuanian,,Käkisalmi
c_kexholm,livonian,,Käkisalmi
c_kexholm,mari,,Käkisalmi
c_kexholm,mordvin,,Käkisalmi
c_kexholm,prussian,,Käkisalmi
c_kexholm,russian,,Korela
c_kexholm,samoyed,,Käkisalmi
c_kexholm,ugricbaltic,,Käkisalmi
c_kexholm,vepsian,,Käkisalmi
b_nurmes,b_nurmes,,Nurmes
b_nurmes,b_nurmes_adj,,
b_sortavala,b_sortavala,,Sordavala
b_sortavala,b_sortavala_adj,,
b_sortavala,finnish,,Sortavala
b_sortavala,karelian,,Sortavala
b_sortavala,khanty,,Sortavala
b_sortavala,komi,,Sortavala
b_sortavala,lappish,,Sortavala
b_sortavala,lettigallish,,Sortavala
b_sortavala,lithuanian,,Sortavala
b_sortavala,livonian,,Sortavala
b_sortavala,mari,,Sortavala
b_sortavala,mordvin,,Sortavala
b_sortavala,prussian,,Sortavala
b_sortavala,russian,,Serdovol
b_sortavala,samoyed,,Sortavala
b_sortavala,ugricbaltic,,Sortavala
b_sortavala,vepsian,,Sortavala
b_kakisalmi,b_kakisalmi,,Keksholm
b_kakisalmi,b_kakisalmi_adj,,
b_kakisalmi,finnish,,Käkisalmi
b_kakisalmi,karelian,,Käkisalmi
b_kakisalmi,khanty,,Käkisalmi
b_kakisalmi,komi,,Käkisalmi
b_kakisalmi,lappish,,Käkisalmi
b_kakisalmi,lettigallish,,Käkisalmi
b_kakisalmi,lithuanian,,Käkisalmi
b_kakisalmi,livonian,,Käkisalmi
b_kakisalmi,mari,,Käkisalmi
b_kakisalmi,mordvin,,Käkisalmi
b_kakisalmi,prussian,,Käkisalmi
b_kakisalmi,russian,,Korela
b_kakisalmi,samoyed,,Käkisalmi
b_kakisalmi,ugricbaltic,,Käkisalmi
b_kakisalmi,vepsian,,Käkisalmi
d_norrland,d_norrland,,Norrland
d_norrland,d_norrland_adj,,Norrlander
d_norrland,finnish,,Norlanti
d_norrland,karelian,,Norlanti
d_norrland,khanty,,Norlanti
d_norrland,komi,,Norlanti
d_norrland,lappish,,Norlanti
d_norrland,lettigallish,,Norlanti
d_norrland,lithuanian,,Norlanti
d_norrland,livonian,,Norlanti
d_norrland,mari,,Norlanti
d_norrland,mordvin,,Norlanti
d_norrland,norse,,Kænlandi
d_norrland,norwegian,,Kænlandi
d_norrland,prussian,,Norlanti
d_norrland,samoyed,,Norlanti
d_norrland,saxon,,Cwenaland
d_norrland,ugricbaltic,,Norlanti
d_norrland,vepsian,,Norlanti
c_vasterbotten,PROV280,,Norrland
c_vasterbotten,c_vasterbotten,,
c_vasterbotten,c_vasterbotten_adj,,Västerbottnian
c_vasterbotten,finnish,,Norlanti
c_vasterbotten,karelian,,Norlanti
c_vasterbotten,khanty,,Norlanti
c_vasterbotten,komi,,Norlanti
c_vasterbotten,lappish,,Norlanti
c_vasterbotten,lettigallish,,Norlanti
c_vasterbotten,lithuanian,,Norlanti
c_vasterbotten,livonian,,Norlanti
c_vasterbotten,mari,,Norlanti
c_vasterbotten,mordvin,,Norlanti
c_vasterbotten,prussian,,Norlanti
c_vasterbotten,samoyed,,Norlanti
c_vasterbotten,ugricbaltic,,Norlanti
c_vasterbotten,vepsian,,Norlanti
b_tornea,b_tornea,,Torneå
b_tornea,b_tornea_adj,,
b_kalix,b_kalix,,Kalix
b_kalix,b_kalix_adj,,
b_umea,b_umea,,Umeå
b_umea,b_umea_adj,,
c_osterbotten,PROV385,,Österbotten
c_osterbotten,c_osterbotten,,
c_osterbotten,c_osterbotten_adj,,Ostrobothnian
c_osterbotten,finnish,,Pohjanmaa
c_osterbotten,karelian,,Pohjanmaa
c_osterbotten,khanty,,Pohjanmaa
c_osterbotten,komi,,Pohjanmaa
c_osterbotten,lappish,,Pohjanmaa
c_osterbotten,lettigallish,,Pohjanmaa
c_osterbotten,lithuanian,,Pohjanmaa
c_osterbotten,livonian,,Pohjanmaa
c_osterbotten,mari,,Pohjanmaa
c_osterbotten,mordvin,,Pohjanmaa
c_osterbotten,prussian,,Pohjanmaa
c_osterbotten,samoyed,,Pohjanmaa
c_osterbotten,ugricbaltic,,Pohjanmaa
c_osterbotten,vepsian,,Pohjanmaa
b_veteli,b_veteli,,Veteli
b_veteli,b_veteli_adj,,
b_nykarleby,b_nykarleby,,Uusikaarlepyy
b_nykarleby,b_nykarleby_adj,,
b_oulu,b_oulu,,Oulu
b_oulu,b_oulu_adj,,
c_kemi,PROV386,,Kvänland
c_kemi,c_kemi,,
c_kemi,c_kemi_adj,,Kemian
c_kemi,finnish,,Kainuu
c_kemi,karelian,,Kainuu
c_kemi,khanty,,Kainuu
c_kemi,komi,,Kainuu
c_kemi,lappish,,Kainuu
c_kemi,lettigallish,,Kainuu
c_kemi,lithuanian,,Kainuu
c_kemi,livonian,,Kainuu
c_kemi,mari,,Kainuu
c_kemi,mordvin,,Kainuu
c_kemi,norse,,Kænlandi
c_kemi,norwegian,,Kænlandi
c_kemi,prussian,,Kainuu
c_kemi,samoyed,,Kainuu
c_kemi,saxon,,Cwenaland
c_kemi,ugricbaltic,,Kainuu
c_kemi,vepsian,,Kainuu
b_savukoski,b_savukoski,,Savukoski
b_savukoski,b_savukoski_adj,,
b_tornio,b_tornio,,Tornio
b_tornio,b_tornio_adj,,
d_karelia,d_karelia,,Karelia
d_karelia,d_karelia_adj,,Karelian
d_karelia,anglonorse,,Kirialaland
d_karelia,danish,,Kirialaland
d_karelia,gothic,,Kirialaland
d_karelia,norse,,Kirialaland
d_karelia,norwegian,,Kirialaland
d_karelia,saxon,,Kirialaland
d_karelia,swedish,,Kirialaland
c_kola,PROV387,,Olonec
c_kola,c_kola,,
c_kola,c_kola_adj,,Kolaian
b_kizhi,b_kizhi,,Kizhi
b_kizhi,b_kizhi_adj,,
b_valaam,b_valaam,,Valaam
b_valaam,b_valaam_adj,,
b_olonec,b_olonec,,Olonec
b_olonec,b_olonec_adj,,
c_karelen,PROV388,,Karjala
c_karelen,c_karelen,,
c_karelen,c_karelen_adj,,Karelenian
b_solovetsky,b_solovetsky,,Solovetsky
b_solovetsky,b_solovetsky_adj,,
b_kem,b_kem,,Kem
b_kem,b_kem_adj,,
c_trans-portage,PROV394,,Pomorye
c_trans-portage,c_trans-portage,,
c_trans-portage,c_trans-portage_adj,,Pomorye
b_spasskij,b_spasskij,,Spasskij
b_spasskij,b_spasskij_adj,,
b_belomorsk,b_belomorsk,,Soroka
b_belomorsk,b_belomorsk_adj,,
b_belomorsk,finnish,,Šuomua
b_belomorsk,karelian,,Šuomua
b_belomorsk,khanty,,Šuomua
b_belomorsk,komi,,Šuomua
b_belomorsk,lappish,,Šuomua
b_belomorsk,livonian,,Šuomua
b_belomorsk,mari,,Šuomua
b_belomorsk,mordvin,,Šuomua
b_belomorsk,samoyed,,Šuomua
b_belomorsk,ugricbaltic,,Šuomua
b_belomorsk,vepsian,,Šuomua
c_kandalax,PROV850,,Kantalahti
c_kandalax,c_kandalax,,
c_kandalax,c_kandalax_adj,,Kandalaxian
b_varzuga,b_varzuga,,Varzuga
b_varzuga,b_varzuga_adj,,
b_kantalahti,b_kantalahti,,Kandalaksha
b_kantalahti,b_kantalahti_adj,,
d_ingria,d_ingria,,Ingria
d_ingria,d_ingria_adj,,Ingrian
d_ingria,d_ingria_adj_bohemian,,Izhora
d_ingria,d_ingria_adj_bosnian,,Izhora
d_ingria,d_ingria_adj_bulgarian,,Izhora
d_ingria,d_ingria_adj_croatian,,Izhora
d_ingria,d_ingria_adj_karantanci,,Izhora
d_ingria,d_ingria_adj_moravian,,Izhora
d_ingria,d_ingria_adj_polish,,Izhora
d_ingria,d_ingria_adj_pommeranian,,Izhora
d_ingria,d_ingria_adj_russian,,Izhora
d_ingria,d_ingria_adj_serbian,,Izhora
c_vodi,PROV411,,Ingria
c_vodi,c_vodi,,
c_vodi,c_vodi_adj,,Ingrian
b_kolin,b_kolin,,Kolin
b_kolin,b_kolin_adj,,
b_noteborg,b_noteborg,,Nöteborg
b_noteborg,b_noteborg_adj,,
b_nyen,b_nyen,,Nyen
b_nyen,b_nyen_adj,,
c_koporje,PROV1268,,Koporje
c_koporje,c_koporje,,
c_koporje,c_koporje_adj,,Koporjan
b_khotchino,b_khotchino,,Khotchino
b_khotchino,b_khotchino_adj,,
b_ivanovskaya,b_ivanovskaya,,Ivangorod
b_ivanovskaya,b_ivanovskaya_adj,,
b_koporje,b_koporje,,Kopor'e
b_koporje,b_koporje_adj,,
