#TITLE,KEY,VALUE,SWMH,,,,,,,,,,,x
k_carinthia,k_carinthia,,Kärnten,,,,,,,,,,,x
k_carinthia,k_carinthia_adj,,Kärntenische,,,,,,,,,,,x
k_carinthia,name_tier,,duke,,,,,,,,,,,x
d_carinthia,d_carinthia,,Kärnten,,,,,,,,,,,x
d_carinthia,d_carinthia_adj,,Kärntnische,,,,,,,,,,,x
d_carinthia,greek,,Noricum Mediterraneum,,,,,,,,,,,x
d_carinthia,roman,,Noricum Mediterraneum,,,,,,,,,,,x
c_krain,PROV457,,Carniola,,,,,,,,,,,x
c_krain,c_krain,,,,,,,,,,,,,x
c_krain,c_krain_adj,,Krainian,,,,,,,,,,,x
c_krain,foa,,MARGRAVE_FOA,,,,,,,,,,,x
c_krain,title,,MARGRAVE,,,,,,,,,,,x
c_krain,title_female,,MARGRAVINE,,,,,,,,,,,x
c_krain,title_prefix,,MARGRAVE_OF,,,,,,,,,,,x
b_auersperg,b_auersperg,,Auersperg,,,,,,,,,,,x
b_auersperg,b_auersperg_adj,,,,,,,,,,,,,x
b_krainburg,b_krainburg,,Krainburg,,,,,,,,,,,x
b_krainburg,b_krainburg_adj,,,,,,,,,,,,,x
b_krainburg,greek,,Carnium,,,,,,,,,,,x
b_krainburg,roman,,Carnium,,,,,,,,,,,x
b_sittich,b_sittich,,Sittich,,,,,,,,,,,x
b_sittich,b_sittich_adj,,,,,,,,,,,,,x
b_bischoflack,b_bischoflack,,Bischoflack,,,,,,,,,,,x
b_bischoflack,b_bischoflack_adj,,,,,,,,,,,,,x
b_bischoflack,karantanci,,Škofja Loka,,,,,,,,,,,x
c_gorz,PROV1247,,Görz,,,,,,,,,,,x
c_gorz,c_gorz,,,,,,,,,,,,,x
c_gorz,c_gorz_adj,,Görzische,,,,,,,,,,,x
b_gorz,b_gorz,,Görz,,,,,,,,,,,x
b_gorz,b_gorz_adj,,,,,,,,,,,,,x
b_gorz,karantanci,,Gorica,,,,,,,,,,,x
b_grado,b_grado,,Grado,,,,,,,,,,,x
b_grado,b_grado_adj,,,,,,,,,,,,,x
b_vrtojba,b_vrtojba,,Vrtojba,,,,,,,,,,,x
b_vrtojba,b_vrtojba_adj,,,,,,,,,,,,,x
c_karnten,PROV456,,Kärnten,,,,,,,,,,,x
c_karnten,c_karnten,,,,,,,,,,,,,x
c_karnten,c_karnten_adj,,Karntenian,,,,,,,,,,,x
b_friesach,b_friesach,,Friesach,,,,,,,,,,,x
b_friesach,b_friesach_adj,,,,,,,,,,,,,x
b_sanktveit,b_sanktveit,,Sanktveit,,,,,,,,,,,x
b_sanktveit,b_sanktveit_adj,,,,,,,,,,,,,x
b_klagenfurt,b_klagenfurt,,Klagenfurt,,,,,,,,,,,x
b_klagenfurt,b_klagenfurt_adj,,,,,,,,,,,,,x
b_gurk,b_gurk,,Gurk,,,,,,,,,,,x
b_gurk,b_gurk_adj,,,,,,,,,,,,,x
b_karnburg,b_karnburg,,Karnburg,,,,,,,,,,,x
b_karnburg,b_karnburg_adj,,,,,,,,,,,,,x
b_karnburg,bohemian,,Kranj,,,,,,,,,,,x
b_karnburg,bosnian,,Krnskigrad,,,,,,,,,,,x
b_karnburg,bulgarian,,Krnskigrad,,,,,,,,,,,x
b_karnburg,croatian,,Krnskigrad,,,,,,,,,,,x
b_karnburg,karantanci,,Krnskigrad,,,,,,,,,,,x
b_karnburg,moravian,,Kranj,,,,,,,,,,,x
b_karnburg,polish,,Krnskigrad,,,,,,,,,,,x
b_karnburg,pommeranian,,Krnskigrad,,,,,,,,,,,x
b_karnburg,russian,,Krnskigrad,,,,,,,,,,,x
b_karnburg,serbian,,Krnskigrad,,,,,,,,,,,x
d_istria,d_istria,,Istra,,,,,,,,,,,x
d_istria,d_istria_adj,,Istrian,,,,,,,,,,,x
d_istria,bohemian,,Istrie,,,,,,,,,,,x
d_istria,bosnian,,Istra,,,,,,,,,,,x
d_istria,bulgarian,,Istra,,,,,,,,,,,x
d_istria,croatian,,Istra,,,,,,,,,,,x
d_istria,german,,Istrien,,,,,,,,,,,x
d_istria,d_istria_adj_german,,Istrische,,,,,,,,,,,x
d_istria,greek,,Histria,,,,,,,,,,,x
d_istria,hungarian,,Isztria,,,,,,,,,,,x
d_istria,karantanci,,Istra,,,,,,,,,,,x
d_istria,moravian,,Istria,,,,,,,,,,,x
d_istria,polish,,Istra,,,,,,,,,,,x
d_istria,pommeranian,,Istra,,,,,,,,,,,x
d_istria,roman,,Histria,,,,,,,,,,,x
d_istria,russian,,Istra,,,,,,,,,,,x
d_istria,serbian,,Istra,,,,,,,,,,,x
d_istria,szekely,,Isztria,,,,,,,,,,,x
d_istria,foa,,MARGRAVE_FOA,,,,,,,,,,,x
d_istria,title,,MARGRAVE,,,,,,,,,,,x
d_istria,title_female,,MARGRAVINE,,,,,,,,,,,x
d_istria,title_prefix,,MARGRAVE_OF,,,,,,,,,,,x
c_istria,PROV458,,Merania,,,,,,,,,,,x
c_istria,c_istria,,,,,,,,,,,,,x
c_istria,c_istria_adj,,Istrian,,,,,,,,,,,x
c_istria,bavarian,,Meranien,,,,,,,,,,,x
c_istria,bohemian,,Merano,,,,,,,,,,,x
c_istria,bosnian,,Meranije,,,,,,,,,,,x
c_istria,bulgarian,,Meranije,,,,,,,,,,,x
c_istria,central_italian,,Merano,,,,,,,,,,,x
c_istria,corsican,,Merano,,,,,,,,,,,x
c_istria,croatian,,Meranije,,,,,,,,,,,x
c_istria,dalmatian,,Merano,,,,,,,,,,,x
c_istria,dutch,,Meranien,,,,,,,,,,,x
c_istria,franconian,,Meranien,,,,,,,,,,,x
c_istria,german,,Meranien,,,,,,,,,,,x
c_istria,greek,,Meraniae,,,,,,,,,,,x
c_istria,hungarian,,Meránia,,,,,,,,,,,x
c_istria,italian,,Merano,,,,,,,,,,,x
c_istria,karantanci,,Meranije,,,,,,,,,,,x
c_istria,ligurian,,Merano,,,,,,,,,,,x
c_istria,low_frankish,,Meranien,,,,,,,,,,,x
c_istria,low_german,,Meranien,,,,,,,,,,,x
c_istria,low_saxon,,Meranien,,,,,,,,,,,x
c_istria,moravian,,Merano,,,,,,,,,,,x
c_istria,neapolitan,,Merano,,,,,,,,,,,x
c_istria,polish,,Meranije,,,,,,,,,,,x
c_istria,pommeranian,,Meranije,,,,,,,,,,,x
c_istria,roman,,Meraniae,,,,,,,,,,,x
c_istria,russian,,Meranije,,,,,,,,,,,x
c_istria,sardinian,,Merano,,,,,,,,,,,x
c_istria,serbian,,Meranije,,,,,,,,,,,x
c_istria,sicilian,,Merano,,,,,,,,,,,x
c_istria,southern_italian,,Merano,,,,,,,,,,,x
c_istria,swabian,,Meranien,,,,,,,,,,,x
c_istria,szekely,,Meránia,,,,,,,,,,,x
c_istria,thuringian,,Meranien,,,,,,,,,,,x
c_istria,tuscan,,Merano,,,,,,,,,,,x
c_istria,venetian,,Merano,,,,,,,,,,,x
b_mitterburg,b_mitterburg,,Pisino,,,,,,,,,,,x
b_mitterburg,b_mitterburg_adj,,,,,,,,,,,,,x
b_mitterburg,alan,,Pisinón,,,,,,,,,,,x
b_mitterburg,arberian,,Pisinón,,,,,,,,,,,x
b_mitterburg,armenian,,Pisinón,,,,,,,,,,,x
b_mitterburg,bohemian,,Pazin,,,,,,,,,,,x
b_mitterburg,bosnian,,Pazin,,,,,,,,,,,x
b_mitterburg,bulgarian,,Pazin,,,,,,,,,,,x
b_mitterburg,croatian,,Pazin,,,,,,,,,,,x
b_mitterburg,east_gothic,,Pisinón,,,,,,,,,,,x
b_mitterburg,georgian,,Pisinón,,,,,,,,,,,x
b_mitterburg,german,,Mitterburg,,,,,,,,,,,x
b_mitterburg,greek,,Pisinón,,,,,,,,,,,x
b_mitterburg,karantanci,,Pazin,,,,,,,,,,,x
b_mitterburg,moravian,,Pazin,,,,,,,,,,,x
b_mitterburg,polish,,Pazin,,,,,,,,,,,x
b_mitterburg,pommeranian,,Pazin,,,,,,,,,,,x
b_mitterburg,roman,,Pisinum,,,,,,,,,,,x
b_mitterburg,russian,,Pazin,,,,,,,,,,,x
b_mitterburg,serbian,,Pazin,,,,,,,,,,,x
b_mitterburg,venetian,,Pixin,,,,,,,,,,,x
b_motovun,b_motovun,,Montona,,,,,,,,,,,x
b_motovun,b_motovun_adj,,,,,,,,,,,,,x
b_motovun,bohemian,,Motovun,,,,,,,,,,,x
b_motovun,bosnian,,Motovun,,,,,,,,,,,x
b_motovun,bulgarian,,Motovun,,,,,,,,,,,x
b_motovun,croatian,,Motovun,,,,,,,,,,,x
b_motovun,east_gothic,,Montana,,,,,,,,,,,x
b_motovun,greek,,Montana,,,,,,,,,,,x
b_motovun,karantanci,,Motovun,,,,,,,,,,,x
b_motovun,moravian,,Motovun,,,,,,,,,,,x
b_motovun,polish,,Motovun,,,,,,,,,,,x
b_motovun,pommeranian,,Motovun,,,,,,,,,,,x
b_motovun,roman,,Montana,,,,,,,,,,,x
b_motovun,russian,,Motovun,,,,,,,,,,,x
b_motovun,serbian,,Motovun,,,,,,,,,,,x
b_pican,b_pican,,Pedena,,,,,,,,,,,x
b_pican,b_pican_adj,,,,,,,,,,,,,x
b_pican,alan,,Petina,,,,,,,,,,,x
b_pican,arberian,,Petina,,,,,,,,,,,x
b_pican,armenian,,Petina,,,,,,,,,,,x
b_pican,bohemian,,Pican,,,,,,,,,,,x
b_pican,bosnian,,Pican,,,,,,,,,,,x
b_pican,bulgarian,,Pican,,,,,,,,,,,x
b_pican,croatian,,Pican,,,,,,,,,,,x
b_pican,east_gothic,,Petina,,,,,,,,,,,x
b_pican,georgian,,Petina,,,,,,,,,,,x
b_pican,german,,Piben,,,,,,,,,,,x
b_pican,greek,,Petina,,,,,,,,,,,x
b_pican,karantanci,,Pican,,,,,,,,,,,x
b_pican,moravian,,Pican,,,,,,,,,,,x
b_pican,polish,,Pican,,,,,,,,,,,x
b_pican,pommeranian,,Pican,,,,,,,,,,,x
b_pican,roman,,Petina,,,,,,,,,,,x
b_pican,russian,,Pican,,,,,,,,,,,x
b_pican,serbian,,Pican,,,,,,,,,,,x
c_trieste,PROV958,,Duino,,,,,,,,,,,x
c_trieste,c_trieste,,,,,,,,,,,,,x
c_trieste,c_trieste_adj,,Triestino,,,,,,,,,,,x
c_trieste,east_gothic,,Tergeste,,,,,,,,,,,x
c_trieste,greek,,Tergeste,,,,,,,,,,,x
c_trieste,roman,,Tergeste,,,,,,,,,,,x
b_triest,b_triest,,Trieste,,,,,,,,,,,x
b_triest,b_triest_adj,,,,,,,,,,,,,x
b_triest,bavarian,,Triest,,,,,,,,,,,x
b_triest,bohemian,,Terst,,,,,,,,,,,x
b_triest,bosnian,,Trst,,,,,,,,,,,x
b_triest,bulgarian,,Trst,,,,,,,,,,,x
b_triest,croatian,,Trst,,,,,,,,,,,x
b_triest,dutch,,Triest,,,,,,,,,,,x
b_triest,east_gothic,,Tergeste,,,,,,,,,,,x
b_triest,franconian,,Triest,,,,,,,,,,,x
b_triest,german,,Triest,,,,,,,,,,,x
b_triest,greek,,Tergeste,,,,,,,,,,,x
b_triest,hungarian,,Trieszt,,,,,,,,,,,x
b_triest,karantanci,,Trst,,,,,,,,,,,x
b_triest,low_frankish,,Triest,,,,,,,,,,,x
b_triest,low_german,,Triest,,,,,,,,,,,x
b_triest,low_saxon,,Triest,,,,,,,,,,,x
b_triest,moravian,,Terst,,,,,,,,,,,x
b_triest,polish,,Trst,,,,,,,,,,,x
b_triest,pommeranian,,Trst,,,,,,,,,,,x
b_triest,roman,,Tergeste,,,,,,,,,,,x
b_triest,russian,,Trst,,,,,,,,,,,x
b_triest,serbian,,Trst,,,,,,,,,,,x
b_triest,swabian,,Triest,,,,,,,,,,,x
b_triest,szekely,,Trieszt,,,,,,,,,,,x
b_triest,thuringian,,Triest,,,,,,,,,,,x
b_triest,venetian,,Trièst,,,,,,,,,,,x
b_pula,b_pula,,Pula,,,,,,,,,,,x
b_pula,b_pula_adj,,,,,,,,,,,,,x
b_pula,bavarian,,Polei,,,,,,,,,,,x
b_pula,bohemian,,Pula,,,,,,,,,,,x
b_pula,bosnian,,Pulj,,,,,,,,,,,x
b_pula,bulgarian,,Pulj,,,,,,,,,,,x
b_pula,croatian,,Pulj,,,,,,,,,,,x
b_pula,dutch,,Polei,,,,,,,,,,,x
b_pula,east_gothic,,Pola,,,,,,,,,,,x
b_pula,franconian,,Polei,,,,,,,,,,,x
b_pula,german,,Polei,,,,,,,,,,,x
b_pula,greek,,Pola,,,,,,,,,,,x
b_pula,hungarian,,Póla,,,,,,,,,,,x
b_pula,karantanci,,Pulj,,,,,,,,,,,x
b_pula,low_frankish,,Polei,,,,,,,,,,,x
b_pula,low_german,,Polei,,,,,,,,,,,x
b_pula,low_saxon,,Polei,,,,,,,,,,,x
b_pula,moravian,,Pula,,,,,,,,,,,x
b_pula,polish,,Pulj,,,,,,,,,,,x
b_pula,pommeranian,,Pulj,,,,,,,,,,,x
b_pula,roman,,Pola,,,,,,,,,,,x
b_pula,russian,,Pulj,,,,,,,,,,,x
b_pula,serbian,,Pulj,,,,,,,,,,,x
b_pula,swabian,,Polei,,,,,,,,,,,x
b_pula,szekely,,Póla,,,,,,,,,,,x
b_pula,thuringian,,Polei,,,,,,,,,,,x
b_pirano,b_pirano,,Piran,,,,,,,,,,,x
b_pirano,b_pirano_adj,,,,,,,,,,,,,x
b_pirano,bavarian,,Pirian,,,,,,,,,,,x
b_pirano,bohemian,,Piran,,,,,,,,,,,x
b_pirano,bosnian,,Piran,,,,,,,,,,,x
b_pirano,bulgarian,,Piran,,,,,,,,,,,x
b_pirano,croatian,,Piran,,,,,,,,,,,x
b_pirano,dutch,,Pirian,,,,,,,,,,,x
b_pirano,east_gothic,,Piranòn,,,,,,,,,,,x
b_pirano,franconian,,Pirian,,,,,,,,,,,x
b_pirano,german,,Pirian,,,,,,,,,,,x
b_pirano,greek,,Piranòn,,,,,,,,,,,x
b_pirano,karantanci,,Piran,,,,,,,,,,,x
b_pirano,low_frankish,,Pirian,,,,,,,,,,,x
b_pirano,low_german,,Pirian,,,,,,,,,,,x
b_pirano,low_saxon,,Pirian,,,,,,,,,,,x
b_pirano,moravian,,Piran,,,,,,,,,,,x
b_pirano,polish,,Piran,,,,,,,,,,,x
b_pirano,pommeranian,,Piran,,,,,,,,,,,x
b_pirano,roman,,Pyrrhanum,,,,,,,,,,,x
b_pirano,russian,,Piran,,,,,,,,,,,x
b_pirano,serbian,,Piran,,,,,,,,,,,x
b_pirano,swabian,,Pirian,,,,,,,,,,,x
b_pirano,thuringian,,Pirian,,,,,,,,,,,x
b_koper,b_koper,,Koper,,,,,,,,,,,x
b_koper,b_koper_adj,,,,,,,,,,,,,x
b_koper,bavarian,,Gafers,,,,,,,,,,,x
b_koper,bohemian,,Koper,,,,,,,,,,,x
b_koper,bosnian,,Koper,,,,,,,,,,,x
b_koper,bulgarian,,Koper,,,,,,,,,,,x
b_koper,croatian,,Kopar,,,,,,,,,,,x
b_koper,dutch,,Gafers,,,,,,,,,,,x
b_koper,east_gothic,,Aegida,,,,,,,,,,,x
b_koper,franconian,,Gafers,,,,,,,,,,,x
b_koper,german,,Gafers,,,,,,,,,,,x
b_koper,greek,,Aegida,,,,,,,,,,,x
b_koper,karantanci,,Koper,,,,,,,,,,,x
b_koper,low_frankish,,Gafers,,,,,,,,,,,x
b_koper,low_german,,Gafers,,,,,,,,,,,x
b_koper,low_saxon,,Gafers,,,,,,,,,,,x
b_koper,moravian,,Koper,,,,,,,,,,,x
b_koper,polish,,Koper,,,,,,,,,,,x
b_koper,pommeranian,,Koper,,,,,,,,,,,x
b_koper,roman,,Capris,,,,,,,,,,,x
b_koper,russian,,Koper,,,,,,,,,,,x
b_koper,serbian,,Koper,,,,,,,,,,,x
b_koper,swabian,,Gafers,,,,,,,,,,,x
b_koper,thuringian,,Gafers,,,,,,,,,,,x
b_duino,b_duino,,Duino,,,,,,,,,,,x
b_duino,b_duino_adj,,,,,,,,,,,,,x
b_duino,bavarian,,Thübein,,,,,,,,,,,x
b_duino,bohemian,,Devin,,,,,,,,,,,x
b_duino,bosnian,,Devin,,,,,,,,,,,x
b_duino,bulgarian,,Devin,,,,,,,,,,,x
b_duino,croatian,,Devin,,,,,,,,,,,x
b_duino,dutch,,Thübein,,,,,,,,,,,x
b_duino,east_gothic,,Duinón,,,,,,,,,,,x
b_duino,franconian,,Thübein,,,,,,,,,,,x
b_duino,german,,Thübein,,,,,,,,,,,x
b_duino,greek,,Duinón,,,,,,,,,,,x
b_duino,karantanci,,Devin,,,,,,,,,,,x
b_duino,low_frankish,,Thübein,,,,,,,,,,,x
b_duino,low_german,,Thübein,,,,,,,,,,,x
b_duino,low_saxon,,Thübein,,,,,,,,,,,x
b_duino,moravian,,Devin,,,,,,,,,,,x
b_duino,polish,,Devin,,,,,,,,,,,x
b_duino,pommeranian,,Devin,,,,,,,,,,,x
b_duino,roman,,Duina,,,,,,,,,,,x
b_duino,russian,,Devin,,,,,,,,,,,x
b_duino,serbian,,Devin,,,,,,,,,,,x
b_duino,swabian,,Thübein,,,,,,,,,,,x
b_duino,thuringian,,Thübein,,,,,,,,,,,x
d_aquileia,d_aquileia,,Friùli,,,,,,,,,,,x
d_aquileia,d_aquileia_adj,,Friulano,,,,,,,,,,,x
c_aquileia,PROV358,,Aquileia,,,,,,,,,,,x
c_aquileia,c_aquileia,,,,,,,,,,,,,x
c_aquileia,c_aquileia_adj,,Aquileian,,,,,,,,,,,x
c_aquileia,east_gothic,,Akouileia,,,,,,,,,,,x
c_aquileia,greek,,Akouileia,,,,,,,,,,,x
b_aquileia,b_aquileia,,Olee,,,,,,,,,,,x
b_aquileia,b_aquileia_adj,,,,,,,,,,,,,x
b_aquileia,east_gothic,,Akouileia,,,,,,,,,,,x
b_aquileia,greek,,Akouileia,,,,,,,,,,,x
b_udine,b_udine,,Udin,,,,,,,,,,,x
b_udine,b_udine_adj,,,,,,,,,,,,,x
b_motta,b_motta,,Mota de Livensa,,,,,,,,,,,x
b_motta,b_motta_adj,,,,,,,,,,,,,x
b_concordia,b_concordia,,Concordia,,,,,,,,,,,x
b_concordia,b_concordia_adj,,,,,,,,,,,,,x
e_italy,e_italy,,Italia,,,,,,,,,,,x
e_italy,e_italy_adj,,Italiano,,,,,,,,,,,x
k_genoa,k_genoa,,Genoa,,,,,,,,,,,x
k_genoa,k_genoa_adj,,Genoese,,,,,,,,,,,x
k_pisa,k_pisa,,Pisa,,,,,,,,,,,x
k_pisa,k_pisa_adj,,Pisan,,,,,,,,,,,x
k_italy,k_italy,,Lombardia,,,,,,,,,,,x
k_italy,k_italy_adj,,Lombardian,,,,,,,,,,,x
k_italy,greek,,Annonaria,,,,,,,,,,,x
k_italy,roman,,Italia Annonaria,,,,,,,,,,,x
d_lombardia,d_lombardia,,Milan,,,,,,,,,,,x
d_lombardia,d_lombardia_adj,,Milanese,,,,,,,,,,,x
c_lombardia,PROV235,,Milano,,,,,,,,,,,x
c_lombardia,c_lombardia,,,,,,,,,,,,,x
c_lombardia,c_lombardia_adj,,Lombard,,,,,,,,,,,x
c_lombardia,greek,,Mediolanion,,,,,,,,,,,x
c_lombardia,roman,,Mediolanium,,,,,,,,,,,x
b_milano,b_milano,,Milan,,,,,,,,,,,x
b_milano,b_milano_adj,,,,,,,,,,,,,x
b_milano,greek,,Mediolanion,,,,,,,,,,,x
b_milano,roman,,Mediolanium,,,,,,,,,,,x
b_monza,b_monza,,Monscia,,,,,,,,,,,x
b_monza,b_monza_adj,,,,,,,,,,,,,x
b_monza,greek,,Modika,,,,,,,,,,,x
b_monza,roman,,Modica,,,,,,,,,,,x
b_lodi,b_lodi,,Lod,,,,,,,,,,,x
b_lodi,b_lodi_adj,,,,,,,,,,,,,x
b_lodi,greek,,Laus Pompeia,,,,,,,,,,,x
b_lodi,roman,,Laus Pompeia,,,,,,,,,,,x
b_lecco,b_lecco,,Lecch,,,,,,,,,,,x
b_lecco,b_lecco_adj,,,,,,,,,,,,,x
b_abbaziadichiaravalle,b_abbaziadichiaravalle,,Munasteri de Ceravall,,,,,,,,,,,x
b_abbaziadichiaravalle,b_abbaziadichiaravalle_adj,,,,,,,,,,,,,x
b_trezzosulladda,b_trezzosulladda,,Trezz,,,,,,,,,,,x
b_trezzosulladda,b_trezzosulladda_adj,,,,,,,,,,,,,x
b_rhomilano,b_rhomilano,,Rò,,,,,,,,,,,x
b_rhomilano,b_rhomilano_adj,,,,,,,,,,,,,x
c_brescia,PROV318,,Brescia,,,,,,,,,,,x
c_brescia,c_brescia,,,,,,,,,,,,,x
c_brescia,c_brescia_adj,,Brescian,,,,,,,,,,,x
c_brescia,greek,,Brixia,,,,,,,,,,,x
c_brescia,roman,,Brixia,,,,,,,,,,,x
b_brescia,b_brescia,,Brèsa,,,,,,,,,,,x
b_brescia,b_brescia_adj,,,,,,,,,,,,,x
b_brescia,greek,,Brixia,,,,,,,,,,,x
b_brescia,roman,,Brixia,,,,,,,,,,,x
b_saloitalia,b_saloitalia,,Salò,,,,,,,,,,,x
b_saloitalia,b_saloitalia_adj,,,,,,,,,,,,,x
b_sirmione,b_sirmione,,Sirmiù,,,,,,,,,,,x
b_sirmione,b_sirmione_adj,,,,,,,,,,,,,x
b_sirmione,greek,,Sirmio,,,,,,,,,,,x
b_sirmione,roman,,Sirmio,,,,,,,,,,,x
b_monestariosantifaustineegiovita,b_monestariosantifaustineegiovita,,Munaster di Sant Faustino e Giovita,,,,,,,,,,,x
b_monestariosantifaustineegiovita,b_monestariosantifaustineegiovita_adj,,,,,,,,,,,,,x
c_bergamo,PROV1125,,Bergamo,,,,,,,,,,,x
c_bergamo,c_bergamo,,,,,,,,,,,,,x
c_bergamo,c_bergamo_adj,,Bergamasco,,,,,,,,,,,x
c_bergamo,greek,,Bergomon,,,,,,,,,,,x
c_bergamo,roman,,Bergomum,,,,,,,,,,,x
b_bergamo,b_bergamo,,Bèrghem,,,,,,,,,,,x
b_bergamo,b_bergamo_adj,,,,,,,,,,,,,x
b_bergamo,greek,,Bergomon,,,,,,,,,,,x
b_bergamo,roman,,Bergomum,,,,,,,,,,,x
b_treviglio,b_treviglio,,Trèì,,,,,,,,,,,x
b_treviglio,b_treviglio_adj,,,,,,,,,,,,,x
b_castellodimalpaga,b_castellodimalpaga,,Castell de Malpaga,,,,,,,,,,,x
b_castellodimalpaga,b_castellodimalpaga_adj,,,,,,,,,,,,,x
b_albino,b_albino,,Albì,,,,,,,,,,,x
b_albino,b_albino_adj,,,,,,,,,,,,,x
b_monasterodiastino,b_monasterodiastino,,Munasteri de Astìno,,,,,,,,,,,x
b_monasterodiastino,b_monasterodiastino_adj,,,,,,,,,,,,,x
c_pavia,PROV234,,Pavia,,,,,,,,,,,x
c_pavia,c_pavia,,,,,,,,,,,,,x
c_pavia,c_pavia_adj,,Pavian,,,,,,,,,,,x
c_pavia,greek,,Tikinon,,,,,,,,,,,x
c_pavia,roman,,Ticinum,,,,,,,,,,,x
b_pavia,b_pavia,,Pavia,,,,,,,,,,,x
b_pavia,b_pavia_adj,,,,,,,,,,,,,x
b_pavia,greek,,Tikinon,,,,,,,,,,,x
b_pavia,roman,,Ticinum,,,,,,,,,,,x
b_voghera,b_voghera,,Vughera,,,,,,,,,,,x
b_voghera,b_voghera_adj,,,,,,,,,,,,,x
b_vigevano,b_vigevano,,Vigévan,,,,,,,,,,,x
b_vigevano,b_vigevano_adj,,,,,,,,,,,,,x
b_monasterodisanpietroincieldoro,b_monasterodisanpietroincieldoro,,Munasteri de San Peder in ciel d'or,,,,,,,,,,,x
b_monasterodisanpietroincieldoro,b_monasterodisanpietroincieldoro_adj,,,,,,,,,,,,,x
b_lomello,b_lomello,,Lümé,,,,,,,,,,,x
b_lomello,b_lomello_adj,,,,,,,,,,,,,x
c_cremona,PROV320,,Cremona,,,,,,,,,,,x
c_cremona,c_cremona,,,,,,,,,,,,,x
c_cremona,c_cremona_adj,,Cremonian,,,,,,,,,,,x
c_cremona,greek,,Kremone,,,,,,,,,,,x
b_cremona,b_cremona,,Cremùna,,,,,,,,,,,x
b_cremona,b_cremona_adj,,,,,,,,,,,,,x
b_cremona,greek,,Kremone,,,,,,,,,,,x
b_crema,b_crema,,Crèma,,,,,,,,,,,x
b_crema,b_crema_adj,,,,,,,,,,,,,x
b_sospiro,b_sospiro,,Suspir,,,,,,,,,,,x
b_sospiro,b_sospiro_adj,,,,,,,,,,,,,x
b_soncino,b_soncino,,Suncin,,,,,,,,,,,x
b_soncino,b_soncino_adj,,,,,,,,,,,,,x
d_como,d_como,,Como,,,,,,,,,,,x
d_como,d_como_adj,,Comoan,,,,,,,,,,,x
c_como,PROV1142,,Como,,,,,,,,,,,x
c_como,c_como,,,,,,,,,,,,,x
c_como,c_como_adj,,Comasco,,,,,,,,,,,x
c_como,greek,,Komon,,,,,,,,,,,x
c_como,roman,,Comum,,,,,,,,,,,x
b_como,b_como,,Comm,,,,,,,,,,,x
b_como,b_como_adj,,,,,,,,,,,,,x
b_como,greek,,Komon,,,,,,,,,,,x
b_como,roman,,Comum,,,,,,,,,,,x
b_castellodibaradello,b_castellodibaradello,,Castell Baradell,,,,,,,,,,,x
b_castellodibaradello,b_castellodibaradello_adj,,,,,,,,,,,,,x
b_legnano,b_legnano,,Legnan,,,,,,,,,,,x
b_legnano,b_legnano_adj,,,,,,,,,,,,,x
b_sondrio,b_sondrio,,Sundri,,,,,,,,,,,x
b_sondrio,b_sondrio_adj,,,,,,,,,,,,,x
b_lugano,b_lugano,,Lügàn,,,,,,,,,,,x
b_lugano,b_lugano_adj,,,,,,,,,,,,,x
c_grisons,PROV246,,Ticino,,,,,,,,,,,x
c_grisons,c_grisons,,,,,,,,,,,,,x
c_grisons,c_grisons_adj,,Grisonian,,,,,,,,,,,x
c_grisons,greek,,Bilitio,,,,,,,,,,,x
c_grisons,roman,,Bilitio,,,,,,,,,,,x
b_bellinzona,b_bellinzona,,Belinzona,,,,,,,,,,,x
b_bellinzona,b_bellinzona_adj,,,,,,,,,,,,,x
b_bellinzona,greek,,Bilitio,,,,,,,,,,,x
b_bellinzona,roman,,Bilitio,,,,,,,,,,,x
b_biasca,b_biasca,,Biasca,,,,,,,,,,,x
b_biasca,b_biasca_adj,,,,,,,,,,,,,x
b_musso,b_musso,,Muss,,,,,,,,,,,x
b_musso,b_musso_adj,,,,,,,,,,,,,x
c_sepiro,PROV1290,,Sepiro,,,,,,,,,,,x
c_sepiro,c_sepiro,,,,,,,,,,,,,x
c_sepiro,c_sepiro_adj,,Sepriese,,,,,,,,,,,x
b_castellodesepiro,b_castellodesepiro,,Sepiro,,,,,,,,,,,x
b_castellodesepiro,b_castellodesepiro_adj,,,,,,,,,,,,,x
b_locarno,b_locarno,,Locarn,,,,,,,,,,,x
b_locarno,b_locarno_adj,,,,,,,,,,,,,x
b_arona,b_arona,,Aruna,,,,,,,,,,,x
b_arona,b_arona_adj,,,,,,,,,,,,,x
b_turbigo,b_turbigo,,Turbigh,,,,,,,,,,,x
b_turbigo,b_turbigo_adj,,,,,,,,,,,,,x
b_varese,b_varese,,Varés,,,,,,,,,,,x
b_varese,b_varese_adj,,,,,,,,,,,,,x
b_varese,greek,,Baretion,,,,,,,,,,,x
b_varese,roman,,Baretium,,,,,,,,,,,x
d_verona,d_verona,,Verona,,,,,,,,,,,x
d_verona,d_verona_adj,,Veronian,,,,,,,,,,,x
d_verona,greek,,Venetia,,,,,,,,,,,x
d_verona,roman,,Venetia,,,,,,,,,,,x
d_verona,foa,,MARGRAVE_FOA,,,,,,,,,,,x
d_verona,title,,MARGRAVE,,,,,,,,,,,x
d_verona,title_female,,MARGRAVINE,,,,,,,,,,,x
d_verona,title_prefix,,MARGRAVE_OF,,,,,,,,,,,x
c_treviso,PROV357,,Treviso,,,,,,,,,,,x
c_treviso,c_treviso,,,,,,,,,,,,,x
c_treviso,c_treviso_adj,,Trevisian,,,,,,,,,,,x
c_treviso,greek,,Tarbision,,,,,,,,,,,x
c_treviso,roman,,Tarvisium,,,,,,,,,,,x
b_treviso,b_treviso,,Trevixo,,,,,,,,,,,x
b_treviso,b_treviso_adj,,,,,,,,,,,,,x
b_treviso,greek,,Tarbision,,,,,,,,,,,x
b_treviso,roman,,Tarvisium,,,,,,,,,,,x
b_oderzo,b_oderzo,,Oderso,,,,,,,,,,,x
b_oderzo,b_oderzo_adj,,,,,,,,,,,,,x
b_ceneda,b_ceneda,,Ceneda,,,,,,,,,,,x
b_ceneda,b_ceneda_adj,,,,,,,,,,,,,x
b_castellodicisondivalmarino,b_castellodicisondivalmarino,,Castelo de Cixon de Valmarin,,,,,,,,,,,x
b_castellodicisondivalmarino,b_castellodicisondivalmarino_adj,,,,,,,,,,,,,x
b_castellodimartellago,b_castellodimartellago,,Castelo de Marteago,,,,,,,,,,,x
b_castellodimartellago,b_castellodimartellago_adj,,,,,,,,,,,,,x
c_bassano,PROV1131,,Vicenza,,,,,,,,,,,x
c_bassano,c_bassano,,,,,,,,,,,,,x
c_bassano,c_bassano_adj,,Bassanese,,,,,,,,,,,x
c_bassano,greek,,Ouïketía,,,,,,,,,,,x
c_bassano,roman,,Vicetia,,,,,,,,,,,x
b_bassano,b_bassano,,Basan,,,,,,,,,,,x
b_bassano,b_bassano_adj,,,,,,,,,,,,,x
b_vicenza,b_vicenza,,Vicensa,,,,,,,,,,,x
b_vicenza,b_vicenza_adj,,,,,,,,,,,,,x
b_vicenza,greek,,Ouïketía,,,,,,,,,,,x
b_vicenza,roman,,Vicetia,,,,,,,,,,,x
b_castelfranco,b_castelfranco,,Castelfranco,,,,,,,,,,,x
b_castelfranco,b_castelfranco_adj,,,,,,,,,,,,,x
b_schio,b_schio,,Schio,,,,,,,,,,,x
b_schio,b_schio_adj,,,,,,,,,,,,,x
b_castellodegliezzelini,b_castellodegliezzelini,,Castelo de li Exelini,,,,,,,,,,,x
b_castellodegliezzelini,b_castellodegliezzelini_adj,,,,,,,,,,,,,x
c_verona,PROV319,,Verona,,,,,,,,,,,x
c_verona,c_verona,,,,,,,,,,,,,x
c_verona,c_verona_adj,,Veronian,,,,,,,,,,,x
c_verona,greek,,Ouerona,,,,,,,,,,,x
b_verona,b_verona,,Verona,,,,,,,,,,,x
b_verona,b_verona_adj,,,,,,,,,,,,,x
b_verona,greek,,Ouerona,,,,,,,,,,,x
b_peschiera,b_peschiera,,Peschiera del Garda,,,,,,,,,,,x
b_peschiera,b_peschiera_adj,,,,,,,,,,,,,x
b_lonigo,b_lonigo,,Lonigo,,,,,,,,,,,x
b_lonigo,b_lonigo_adj,,,,,,,,,,,,,x
b_castellodicalmano,b_castellodicalmano,,Castelo de Calmano,,,,,,,,,,,x
b_castellodicalmano,b_castellodicalmano_adj,,,,,,,,,,,,,x
b_abbaziadisanzeno,b_abbaziadisanzeno,,Abasia de San Zeno,,,,,,,,,,,x
b_abbaziadisanzeno,b_abbaziadisanzeno_adj,,,,,,,,,,,,,x
c_padova,PROV355,,Padua,,,,,,,,,,,x
c_padova,c_padova,,,,,,,,,,,,,x
c_padova,c_padova_adj,,Padovian,,,,,,,,,,,x
c_padova,greek,,Pataouion,,,,,,,,,,,x
c_padova,roman,,Patavium,,,,,,,,,,,x
b_padova,b_padova,,Pàdoa,,,,,,,,,,,x
b_padova,b_padova_adj,,,,,,,,,,,,,x
b_padova,greek,,Pataouion,,,,,,,,,,,x
b_padova,roman,,Patavium,,,,,,,,,,,x
b_carrrareapadua,b_carrrareapadua,,Do Carare,,,,,,,,,,,x
b_carrrareapadua,b_carrrareapadua_adj,,,,,,,,,,,,,x
b_abbaziadisantostefano,b_abbaziadisantostefano,,Abasia de Santo Stefano,,,,,,,,,,,x
b_abbaziadisantostefano,b_abbaziadisantostefano_adj,,,,,,,,,,,,,x
b_citadella,b_citadella,,Citadella,,,,,,,,,,,x
b_citadella,b_citadella_adj,,,,,,,,,,,,,x
d_parma,d_parma,,Parma,,,,,,,,,,,x
d_parma,d_parma_adj,,Parmese,,,,,,,,,,,x
d_parma,greek,,Aemilia,,,,,,,,,,,x
d_parma,roman,,Aemilia,,,,,,,,,,,x
c_parma,PROV321,,Parma,,,,,,,,,,,x
c_parma,c_parma,,,,,,,,,,,,,x
c_parma,c_parma_adj,,Parmian,,,,,,,,,,,x
b_parma,b_parma,,Pärma,,,,,,,,,,,x
b_parma,b_parma_adj,,,,,,,,,,,,,x
b_montechiarugolo,b_montechiarugolo,,Montcrüghel,,,,,,,,,,,x
b_montechiarugolo,b_montechiarugolo_adj,,,,,,,,,,,,,x
b_felino,b_felino,,Flén,,,,,,,,,,,x
b_felino,b_felino_adj,,,,,,,,,,,,,x
b_berceto,b_berceto,,Barsäi,,,,,,,,,,,x
b_berceto,b_berceto_adj,,,,,,,,,,,,,x
c_piacenza,PROV1124,,Piacenza,,,,,,,,,,,x
c_piacenza,c_piacenza,,,,,,,,,,,,,x
c_piacenza,c_piacenza_adj,,Piacentino,,,,,,,,,,,x
c_piacenza,greek,,Plakentia,,,,,,,,,,,x
c_piacenza,roman,,Placentia,,,,,,,,,,,x
b_fidenza,b_fidenza,,Burägh San Dunén,,,,,,,,,,,x
b_fidenza,b_fidenza_adj,,,,,,,,,,,,,x
b_fidenza,greek,,Phidentia,,,,,,,,,,,x
b_fidenza,roman,,Fidentia,,,,,,,,,,,x
b_piacenza,b_piacenza,,Piasëinsa,,,,,,,,,,,x
b_piacenza,b_piacenza_adj,,,,,,,,,,,,,x
b_piacenza,greek,,Plakentia,,,,,,,,,,,x
b_piacenza,roman,,Placentia,,,,,,,,,,,x
b_bardipiacenza,b_bardipiacenza,,Bàrdi,,,,,,,,,,,x
b_bardipiacenza,b_bardipiacenza_adj,,,,,,,,,,,,,x
b_abbaziadisansavino,b_abbaziadisansavino,,Badéia ed Savëin,,,,,,,,,,,x
b_abbaziadisansavino,b_abbaziadisansavino_adj,,,,,,,,,,,,,x
b_roccadolgisio,b_roccadolgisio,,Ròca d Olgisio,,,,,,,,,,,x
b_roccadolgisio,b_roccadolgisio_adj,,,,,,,,,,,,,x
d_susa,d_susa,,Piemonte,,,,,,,,,,,x
d_susa,d_susa_adj,,Piemontese,,,,,,,,,,,x
d_susa,greek,,Alpes Cottiae,,,,,,,,,,,x
d_susa,roman,,Alpes Cottiae,,,,,,,,,,,x
c_saluzzo,PROV231,,Saluzzo,,,,,,,,,,,x
c_saluzzo,c_saluzzo,,,,,,,,,,,,,x
c_saluzzo,c_saluzzo_adj,,Saluzzian,,,,,,,,,,,x
c_saluzzo,foa,,MARQUISATE_FOA,,,,,,,,,,,x
c_saluzzo,title,,MARQUISATE,,,,,,,,,,,x
c_saluzzo,title_female,,MARCHESA,,,,,,,,,,,x
c_saluzzo,title_prefix,,MARQUISATE_OF,,,,,,,,,,,x
b_saluzzo,b_saluzzo,,Salusse,,,,,,,,,,,x
b_saluzzo,b_saluzzo_adj,,,,,,,,,,,,,x
b_cuneo,b_cuneo,,Coni,,,,,,,,,,,x
b_cuneo,b_cuneo_adj,,,,,,,,,,,,,x
b_racconigi,b_racconigi,,Racunis,,,,,,,,,,,x
b_racconigi,b_racconigi_adj,,,,,,,,,,,,,x
b_abbziadisandalmass,b_abbziadisandalmass,,Abassìa ëd San Dalmassi,,,,,,,,,,,x
b_abbziadisandalmass,b_abbziadisandalmass_adj,,,,,,,,,,,,,x
c_novara,PROV1046,,Novara,,,,,,,,,,,x
c_novara,c_novara,,,,,,,,,,,,,x
c_novara,c_novara_adj,,Novarese,,,,,,,,,,,x
c_novara,greek,,Novaria,,,,,,,,,,,x
c_novara,roman,,Novaria,,,,,,,,,,,x
b_novara,b_novara,,Noara,,,,,,,,,,,x
b_novara,b_novara_adj,,,,,,,,,,,,,x
b_novara,greek,,Novaria,,,,,,,,,,,x
b_novara,roman,,Novaria,,,,,,,,,,,x
b_domodossola,b_domodossola,,Ël Dòm,,,,,,,,,,,x
b_domodossola,b_domodossola_adj,,,,,,,,,,,,,x
b_nibbiola,b_nibbiola,,Nibiola,,,,,,,,,,,x
b_nibbiola,b_nibbiola_adj,,,,,,,,,,,,,x
c_ivrea,PROV1130,,Ivrea,,,,,,,,,,,x
c_ivrea,c_ivrea,,,,,,,,,,,,,x
c_ivrea,c_ivrea_adj,,Eporediese,,,,,,,,,,,x
c_ivrea,greek,,Eporedia,,,,,,,,,,,x
c_ivrea,roman,,Eporedia,,,,,,,,,,,x
c_ivrea,foa,,MARQUISATE_FOA,,,,,,,,,,,x
c_ivrea,title,,MARQUISATE,,,,,,,,,,,x
c_ivrea,title_female,,MARCHESA,,,,,,,,,,,x
c_ivrea,title_prefix,,MARQUISATE_OF,,,,,,,,,,,x
b_ivrea,b_ivrea,,Invreja,,,,,,,,,,,x
b_ivrea,b_ivrea_adj,,,,,,,,,,,,,x
b_ivrea,greek,,Eporedia,,,,,,,,,,,x
b_ivrea,roman,,Eporedia,,,,,,,,,,,x
b_biella,b_biella,,Biela,,,,,,,,,,,x
b_biella,b_biella_adj,,,,,,,,,,,,,x
b_vercelli,b_vercelli,,Vërsèj,,,,,,,,,,,x
b_vercelli,b_vercelli_adj,,,,,,,,,,,,,x
b_vercelli,greek,,Ouerkellai,,,,,,,,,,,x
b_vercelli,roman,,Vercellae,,,,,,,,,,,x
b_santhia,b_santhia,,Santià,,,,,,,,,,,x
b_santhia,b_santhia_adj,,,,,,,,,,,,,x
c_piemonte,PROV236,,Susa,,,,,,,,,,,x
c_piemonte,c_piemonte,,,,,,,,,,,,,x
c_piemonte,c_piemonte_adj,,Piemontian,,,,,,,,,,,x
c_piemonte,greek,,Augousta Taurinon,,,,,,,,,,,x
c_piemonte,roman,,Augusta Taurinorum,,,,,,,,,,,x
b_torino,b_torino,,Turén,,,,,,,,,,,x
b_torino,b_torino_adj,,,,,,,,,,,,,x
b_torino,greek,,Augousta Taurinon,,,,,,,,,,,x
b_torino,roman,,Augusta Taurinorum,,,,,,,,,,,x
b_settimo,b_settimo,,Ël Seto,,,,,,,,,,,x
b_settimo,b_settimo_adj,,,,,,,,,,,,,x
b_moncalieri,b_moncalieri,,Moncalé,,,,,,,,,,,x
b_moncalieri,b_moncalieri_adj,,,,,,,,,,,,,x
b_abbadiaalpina,b_abbadiaalpina,,La Badìa,,,,,,,,,,,x
b_abbadiaalpina,b_abbadiaalpina_adj,,,,,,,,,,,,,x
b_susapiemonte,b_susapiemonte,,Susa,,,,,,,,,,,x
b_susapiemonte,b_susapiemonte_adj,,,,,,,,,,,,,x
b_susapiemonte,greek,,Segousion,,,,,,,,,,,x
b_susapiemonte,roman,,Segusio,,,,,,,,,,,x
d_monferrato,d_monferrato,,Monferrato,,,,,,,,,,,x
d_monferrato,d_monferrato_adj,,Monferratian,,,,,,,,,,,x
c_monferrato,PROV232,,Monferrato,,,,,,,,,,,x
c_monferrato,c_monferrato,,,,,,,,,,,,,x
c_monferrato,c_monferrato_adj,,Monferratian,,,,,,,,,,,x
c_monferrato,greek,,Asta,,,,,,,,,,,x
c_monferrato,roman,,Hasta,,,,,,,,,,,x
c_monferrato,foa,,MARQUISATE_FOA,,,,,,,,,,,x
c_monferrato,title,,MARQUISATE,,,,,,,,,,,x
c_monferrato,title_female,,MARCHESA,,,,,,,,,,,x
c_monferrato,title_prefix,,MARQUISATE_OF,,,,,,,,,,,x
b_alessandria,b_alessandria,,Lissandria,,,,,,,,,,,x
b_alessandria,b_alessandria_adj,,,,,,,,,,,,,x
b_casale,b_casale,,Casal Monfrà,,,,,,,,,,,x
b_casale,b_casale_adj,,,,,,,,,,,,,x
b_asti,b_asti,,Ast,,,,,,,,,,,x
b_asti,b_asti_adj,,,,,,,,,,,,,x
b_asti,greek,,Asta,,,,,,,,,,,x
b_asti,roman,,Hasta,,,,,,,,,,,x
b_acqui,b_acqui,,Àich,,,,,,,,,,,x
b_acqui,b_acqui_adj,,,,,,,,,,,,,x
b_acqui,greek,,Akouai Statiella,,,,,,,,,,,x
b_acqui,roman,,Aquae Statiellae,,,,,,,,,,,x
b_chivasso,b_chivasso,,Civass,,,,,,,,,,,x
b_chivasso,b_chivasso_adj,,,,,,,,,,,,,x
b_castellodigabiano,b_castellodigabiano,,Castello di Gabian,,,,,,,,,,,x
b_castellodigabiano,b_castellodigabiano_adj,,,,,,,,,,,,,x
c_bobbio,PROV1140,,Bobbio,,,,,,,,,,,x
c_bobbio,c_bobbio,,,,,,,,,,,,,x
c_bobbio,c_bobbio_adj,,Bobbiese,,,,,,,,,,,x
c_bobbio,greek,,Bobion,,,,,,,,,,,x
c_bobbio,roman,,Bobium,,,,,,,,,,,x
b_bobbio,b_bobbio,,Bòbi,,,,,,,,,,,x
b_bobbio,b_bobbio_adj,,,,,,,,,,,,,x
b_bobbio,greek,,Bobion,,,,,,,,,,,x
b_bobbio,roman,,Bobium,,,,,,,,,,,x
b_tortona,b_tortona,,Tortòna,,,,,,,,,,,x
b_tortona,b_tortona_adj,,,,,,,,,,,,,x
b_tortona,greek,,Derthon,,,,,,,,,,,x
b_tortona,roman,,Dertona,,,,,,,,,,,x
b_fortunago,b_fortunago,,Fortünagh,,,,,,,,,,,x
b_fortunago,b_fortunago_adj,,,,,,,,,,,,,x
b_abizziadisancolombano,b_abizziadisancolombano,,Badéia ed San Columban,,,,,,,,,,,x
b_abizziadisancolombano,b_abizziadisancolombano_adj,,,,,,,,,,,,,x
d_genoa,d_genoa,,Genova,,,,,,,,,,,x
d_genoa,d_genoa_adj,,Genovesan,,,,,,,,,,,x
c_genoa,PROV233,,Genova,,,,,,,,,,,x
c_genoa,c_genoa,,,,,,,,,,,,,x
c_genoa,c_genoa_adj,,Genoese,,,,,,,,,,,x
c_genoa,greek,,Genoua,,,,,,,,,,,x
c_genoa,roman,,Genua,,,,,,,,,,,x
b_genoa,b_genoa,,Zena,,,,,,,,,,,x
b_genoa,b_genoa_adj,,,,,,,,,,,,,x
b_genoa,greek,,Genoua,,,,,,,,,,,x
b_genoa,roman,,Genua,,,,,,,,,,,x
b_rapallo,b_rapallo,,Rapallo,,,,,,,,,,,x
b_rapallo,b_rapallo_adj,,,,,,,,,,,,,x
b_lerici,b_lerici,,Lerze,,,,,,,,,,,x
b_lerici,b_lerici_adj,,,,,,,,,,,,,x
b_portofino,b_portofino,,Portofin,,,,,,,,,,,x
b_portofino,b_portofino_adj,,,,,,,,,,,,,x
b_sestrilevanti,b_sestrilevanti,,Sestri Levante,,,,,,,,,,,x
b_sestrilevanti,b_sestrilevanti_adj,,,,,,,,,,,,,x
b_sestrilevanti,greek,,Segesta,,,,,,,,,,,x
b_sestrilevanti,roman,,Segesta Tigulliorum,,,,,,,,,,,x
b_chiavari,b_chiavari,,Ciävai,,,,,,,,,,,x
b_chiavari,b_chiavari_adj,,,,,,,,,,,,,x
d_savona,d_savona,,Savona,,,,,,,,,,,x
d_savona,d_savona_adj,,Savonian,,,,,,,,,,,x
d_savona,foa,,MARQUISATE_FOA,,,,,,,,,,,x
d_savona,title,,MARQUISATE,,,,,,,,,,,x
d_savona,title_female,,MARCHESA,,,,,,,,,,,x
d_savona,title_prefix,,MARQUISATE_OF,,,,,,,,,,,x
c_savona,PROV1316,,Savona,,,,,,,,,,,x
c_savona,c_savona,,,,,,,,,,,,,x
c_savona,c_savona_adj,,Savonese,,,,,,,,,,,x
c_savona,greek,,Savo,,,,,,,,,,,x
c_savona,roman,,Savo,,,,,,,,,,,x
b_savona,b_savona,,Sànn-a,,,,,,,,,,,x
b_savona,b_savona_adj,,,,,,,,,,,,,x
b_savona,greek,,Savo,,,,,,,,,,,x
b_savona,roman,,Savo,,,,,,,,,,,x
b_albisolasuperiore,b_albisolasuperiore,,D’äto d’Arbisseua,,,,,,,,,,,x
b_albisolasuperiore,b_albisolasuperiore_adj,,,,,,,,,,,,,x
b_cairomontenotte,b_cairomontenotte,,Cairi,,,,,,,,,,,x
b_cairomontenotte,b_cairomontenotte_adj,,,,,,,,,,,,,x
b_noliligure,b_noliligure,,Nöi,,,,,,,,,,,x
b_noliligure,b_noliligure_adj,,,,,,,,,,,,,x
b_castellodimonteursino,b_castellodimonteursino,,Castello di Monte Ursino,,,,,,,,,,,x
b_castellodimonteursino,b_castellodimonteursino_adj,,,,,,,,,,,,,x
c_finale,PROV1129,,Finale,,,,,,,,,,,x
c_finale,c_finale,,,,,,,,,,,,,x
c_finale,c_finale_adj,,Finalese,,,,,,,,,,,x
c_finale,greek,,Albingaunon,,,,,,,,,,,x
c_finale,roman,,Album Ingaunum,,,,,,,,,,,x
c_finale,foa,,MARQUISATE_FOA,,,,,,,,,,,x
c_finale,title,,MARQUISATE,,,,,,,,,,,x
c_finale,title_female,,MARCHESA,,,,,,,,,,,x
c_finale,title_prefix,,MARQUISATE_OF,,,,,,,,,,,x
b_albenga,b_albenga,,Arbenga,,,,,,,,,,,x
b_albenga,b_albenga_adj,,,,,,,,,,,,,x
b_albenga,greek,,Albingaunon,,,,,,,,,,,x
b_albenga,roman,,Album Ingaunum,,,,,,,,,,,x
b_oneglia,b_oneglia,,Inéja,,,,,,,,,,,x
b_oneglia,b_oneglia_adj,,,,,,,,,,,,,x
b_finaleligure,b_finaleligure,,Finô,,,,,,,,,,,x
b_finaleligure,b_finaleligure_adj,,,,,,,,,,,,,x
c_ventimiglia,PROV1141,,Ventimiglia,,,,,,,,,,,x
c_ventimiglia,c_ventimiglia,,,,,,,,,,,,,x
c_ventimiglia,c_ventimiglia_adj,,Ventimigliese,,,,,,,,,,,x
c_ventimiglia,greek,,Albion Intemelion,,,,,,,,,,,x
c_ventimiglia,roman,,Albium Intemelium,,,,,,,,,,,x
b_ventimiglia,b_ventimiglia,,Ventemija,,,,,,,,,,,x
b_ventimiglia,b_ventimiglia_adj,,,,,,,,,,,,,x
b_ventimiglia,greek,,Albion Intemelion,,,,,,,,,,,x
b_ventimiglia,roman,,Albium Intemelium,,,,,,,,,,,x
b_monaco,b_monaco,,Munegu,,,,,,,,,,,x
b_monaco,b_monaco_adj,,,,,,,,,,,,,x
b_mentone,b_mentone,,Menton,,,,,,,,,,,x
b_mentone,b_mentone_adj,,,,,,,,,,,,,x
b_castellodellalucertola,b_castellodellalucertola,,Castello della Lucertola,,,,,,,,,,,x
b_castellodellalucertola,b_castellodellalucertola_adj,,,,,,,,,,,,,x
d_modena,d_modena,,Modena e Reggio,,,,,,,,,,,x
d_modena,d_modena_adj,,Modenan,,,,,,,,,,,x
d_modena,greek,,Moutine,,,,,,,,,,,x
d_modena,roman,,Mutina,,,,,,,,,,,x
c_modena,PROV322,,Modena,,,,,,,,,,,x
c_modena,c_modena,,,,,,,,,,,,,x
c_modena,c_modena_adj,,Modenian,,,,,,,,,,,x
c_modena,greek,,Moutine,,,,,,,,,,,x
c_modena,roman,,Mutina,,,,,,,,,,,x
b_modena,b_modena,,Mòdna,,,,,,,,,,,x
b_modena,b_modena_adj,,,,,,,,,,,,,x
b_modena,greek,,Moutine,,,,,,,,,,,x
b_modena,roman,,Mutina,,,,,,,,,,,x
b_carpi,b_carpi,,Chèrp,,,,,,,,,,,x
b_carpi,b_carpi_adj,,,,,,,,,,,,,x
b_abbaziadinonantola,b_abbaziadinonantola,,Badéia ed Nunàntla,,,,,,,,,,,x
b_abbaziadinonantola,b_abbaziadinonantola_adj,,,,,,,,,,,,,x
b_vignola,b_vignola,,Ròca d Vgnóla,,,,,,,,,,,x
b_vignola,b_vignola_adj,,,,,,,,,,,,,x
c_reggionellemilia,PROV957,,Reggio nell Emilia,,,,,,,,,,,x
c_reggionellemilia,c_reggionellemilia,,,,,,,,,,,,,x
c_reggionellemilia,c_reggionellemilia_adj,,Reggiano,,,,,,,,,,,x
c_reggionellemilia,greek,,Région Lepidon,,,,,,,,,,,x
c_reggionellemilia,roman,,Regium Lepidum,,,,,,,,,,,x
b_reggionellemila,b_reggionellemila,,Rèz,,,,,,,,,,,x
b_reggionellemila,b_reggionellemila_adj,,,,,,,,,,,,,x
b_reggionellemila,greek,,Région Lepidon,,,,,,,,,,,x
b_reggionellemila,roman,,Regium Lepidum,,,,,,,,,,,x
b_roccadicanossa,b_roccadicanossa,,Rôca Canosiâna,,,,,,,,,,,x
b_roccadicanossa,b_roccadicanossa_adj,,,,,,,,,,,,,x
b_albinea,b_albinea,,la Fôla,,,,,,,,,,,x
b_albinea,b_albinea_adj,,,,,,,,,,,,,x
b_pratofontana,b_pratofontana,,Prêfuntana,,,,,,,,,,,x
b_pratofontana,b_pratofontana_adj,,,,,,,,,,,,,x
c_frignano,PROV1122,,Frignano,,,,,,,,,,,x
c_frignano,c_frignano,,,,,,,,,,,,,x
c_frignano,c_frignano_adj,,Frignanese,,,,,,,,,,,x
b_castelnovo,b_castelnovo,,Castelnóv,,,,,,,,,,,x
b_castelnovo,b_castelnovo_adj,,,,,,,,,,,,,x
b_frignanomodena,b_frignanomodena,,Pavóll,,,,,,,,,,,x
b_frignanomodena,b_frignanomodena_adj,,,,,,,,,,,,,x
d_mantua,d_mantua,,Mantua,,,,,,,,,,,x
d_mantua,d_mantua_adj,,Mantuian,,,,,,,,,,,x
d_mantua,greek,,Mantoua,,,,,,,,,,,x
c_mantua,PROV354,,Mantua,,,,,,,,,,,x
c_mantua,c_mantua,,,,,,,,,,,,,x
c_mantua,c_mantua_adj,,Mantuian,,,,,,,,,,,x
c_mantua,greek,,Mantoua,,,,,,,,,,,x
b_mantua,b_mantua,,Mantua,,,,,,,,,,,x
b_mantua,b_mantua_adj,,,,,,,,,,,,,x
b_mantua,greek,,Mantoua,,,,,,,,,,,x
b_serravalle,b_serravalle,,Serravalle,,,,,,,,,,,x
b_serravalle,b_serravalle_adj,,,,,,,,,,,,,x
b_castellucchio,b_castellucchio,,Castlüch,,,,,,,,,,,x
b_castellucchio,b_castellucchio_adj,,,,,,,,,,,,,x
b_redondesco,b_redondesco,,Redundèsch,,,,,,,,,,,x
b_redondesco,b_redondesco_adj,,,,,,,,,,,,,x
c_novellara,PROV1139,,Novellara,,,,,,,,,,,x
c_novellara,c_novellara,,,,,,,,,,,,,x
c_novellara,c_novellara_adj,,Novellarese,,,,,,,,,,,x
b_novellara,b_novellara,,Nuvalêra,,,,,,,,,,,x
b_novellara,b_novellara_adj,,,,,,,,,,,,,x
b_guastalla,b_guastalla,,Guastâla,,,,,,,,,,,x
b_guastalla,b_guastalla_adj,,,,,,,,,,,,,x
b_gonzaga,b_gonzaga,,Gunsàga,,,,,,,,,,,x
b_gonzaga,b_gonzaga_adj,,,,,,,,,,,,,x
b_sabbioneta,b_sabbioneta,,Sabbioneta,,,,,,,,,,,x
b_sabbioneta,b_sabbioneta_adj,,,,,,,,,,,,,x
d_lucca,d_lucca,,Lucca,,,,,,,,,,,x
d_lucca,d_lucca_adj,,Luccan,,,,,,,,,,,x
d_lucca,greek,,Louka,,,,,,,,,,,x
d_lucca,roman,,Luca,,,,,,,,,,,x
c_lucca,PROV323,,Lucca,,,,,,,,,,,x
c_lucca,c_lucca,,,,,,,,,,,,,x
c_lucca,c_lucca_adj,,Luccian,,,,,,,,,,,x
c_lucca,greek,,Louka,,,,,,,,,,,x
c_lucca,roman,,Luca,,,,,,,,,,,x
b_lucca,b_lucca,,Lucca,,,,,,,,,,,x
b_lucca,b_lucca_adj,,,,,,,,,,,,,x
b_lucca,greek,,Louka,,,,,,,,,,,x
b_lucca,roman,,Luca,,,,,,,,,,,x
b_altopascio,b_altopascio,,Altopascio,,,,,,,,,,,x
b_altopascio,b_altopascio_adj,,,,,,,,,,,,,x
b_viareggio,b_viareggio,,Viareggio,,,,,,,,,,,x
b_viareggio,b_viareggio_adj,,,,,,,,,,,,,x
b_seravezza,b_seravezza,,Seravezza,,,,,,,,,,,x
b_seravezza,b_seravezza_adj,,,,,,,,,,,,,x
b_fortezzadelleverrucole,b_fortezzadelleverrucole,,Fortezza delle Verrucole,,,,,,,,,,,x
b_fortezzadelleverrucole,b_fortezzadelleverrucole_adj,,,,,,,,,,,,,x
c_malaspina,PROV1120,,Malaspina,,,,,,,,,,,x
c_malaspina,c_malaspina,,,,,,,,,,,,,x
c_malaspina,c_malaspina_adj,,Fosdinovese,,,,,,,,,,,x
c_malaspina,greek,,Louna,,,,,,,,,,,x
c_malaspina,roman,,Luna,,,,,,,,,,,x
b_castellomalaspina,b_castellomalaspina,,Castello Malaspina,,,,,,,,,,,x
b_castellomalaspina,b_castellomalaspina_adj,,,,,,,,,,,,,x
b_lunibishop,b_lunibishop,,Luni,,,,,,,,,,,x
b_lunibishop,b_lunibishop_adj,,,,,,,,,,,,,x
b_lunibishop,greek,,Louna,,,,,,,,,,,x
b_lunibishop,roman,,Luna,,,,,,,,,,,x
b_carrara,b_carrara,,Carrara,,,,,,,,,,,x
b_carrara,b_carrara_adj,,,,,,,,,,,,,x
b_sarzana,b_sarzana,,Sarzàna,,,,,,,,,,,x
b_sarzana,b_sarzana_adj,,,,,,,,,,,,,x
c_guidi,PROV1137,,Guidi,,,,,,,,,,,x
c_guidi,c_guidi,,,,,,,,,,,,,x
c_guidi,c_guidi_adj,,Poppese,,,,,,,,,,,x
c_guidi,greek,,Pistoria,,,,,,,,,,,x
c_guidi,roman,,Pistoria,,,,,,,,,,,x
b_castellodeicontiguidi,b_castellodeicontiguidi,,Poppi,,,,,,,,,,,x
b_castellodeicontiguidi,b_castellodeicontiguidi_adj,,,,,,,,,,,,,x
b_castellodeltrebbio,b_castellodeltrebbio,,Castello del Trebbio,,,,,,,,,,,x
b_castellodeltrebbio,b_castellodeltrebbio_adj,,,,,,,,,,,,,x
b_empoli,b_empoli,,Empoli,,,,,,,,,,,x
b_empoli,b_empoli_adj,,,,,,,,,,,,,x
b_pistoia,b_pistoia,,Pistoia,,,,,,,,,,,x
b_pistoia,b_pistoia_adj,,,,,,,,,,,,,x
b_pistoia,greek,,Pistoria,,,,,,,,,,,x
b_pistoia,roman,,Pistoria,,,,,,,,,,,x
b_sanminiato,b_sanminiato,,San Miniato,,,,,,,,,,,x
b_sanminiato,b_sanminiato_adj,,,,,,,,,,,,,x
b_poggibonsi,b_poggibonsi,,Poggibonsi,,,,,,,,,,,x
b_poggibonsi,b_poggibonsi_adj,,,,,,,,,,,,,x
c_volterra,PROV1138,,Volterra,,,,,,,,,,,x
c_volterra,c_volterra,,,,,,,,,,,,,x
c_volterra,c_volterra_adj,,Volterrano,,,,,,,,,,,x
c_volterra,greek,,Ouolaterrai,,,,,,,,,,,x
c_volterra,roman,,Volaterrae,,,,,,,,,,,x
b_volterra,b_volterra,,Volterra,,,,,,,,,,,x
b_volterra,b_volterra_adj,,,,,,,,,,,,,x
b_volterra,greek,,Ouolaterrai,,,,,,,,,,,x
b_volterra,roman,,Volaterrae,,,,,,,,,,,x
b_sangimignano,b_sangimignano,,San Gimignano,,,,,,,,,,,x
b_sangimignano,b_sangimignano_adj,,,,,,,,,,,,,x
b_montecastellipisano,b_montecastellipisano,,Montecastelli,,,,,,,,,,,x
b_montecastellipisano,b_montecastellipisano_adj,,,,,,,,,,,,,x
d_toscana,d_toscana,,Toscana,,,,,,,,,,,x
d_toscana,d_toscana_adj,,Toscanan,,,,,,,,,,,x
d_toscana,greek,,Tuscia,,,,,,,,,,,x
d_toscana,roman,,Tuscia,,,,,,,,,,,x
c_firenze,PROV328,,Firenze,,,,,,,,,,,x
c_firenze,c_firenze,,,,,,,,,,,,,x
c_firenze,c_firenze_adj,,Firenzian,,,,,,,,,,,x
c_firenze,greek,,Phlorentia,,,,,,,,,,,x
c_firenze,roman,,Florentia,,,,,,,,,,,x
b_firenze,b_firenze,,Firenze,,,,,,,,,,,x
b_firenze,b_firenze_adj,,,,,,,,,,,,,x
b_firenze,greek,,Phlorentia,,,,,,,,,,,x
b_firenze,roman,,Florentia,,,,,,,,,,,x
b_prato,b_prato,,Castrum Prati,,,,,,,,,,,x
b_prato,b_prato_adj,,,,,,,,,,,,,x
b_fiesole,b_fiesole,,Fiesole,,,,,,,,,,,x
b_fiesole,b_fiesole_adj,,,,,,,,,,,,,x
b_fiesole,greek,,Phaisoulai,,,,,,,,,,,x
b_fiesole,roman,,Faesulae,,,,,,,,,,,x
b_sanmichelearcangleo,b_sanmichelearcangleo,,Spedale di San Michele Arcangelo,,,,,,,,,,,x
b_sanmichelearcangleo,b_sanmichelearcangleo_adj,,,,,,,,,,,,,x
b_castellinainchianti,b_castellinainchianti,,Castellina,,,,,,,,,,,x
b_castellinainchianti,b_castellinainchianti_adj,,,,,,,,,,,,,x
c_arezzo,PROV1115,,Arezzo,,,,,,,,,,,x
c_arezzo,c_arezzo,,,,,,,,,,,,,x
c_arezzo,c_arezzo_adj,,Aretino,,,,,,,,,,,x
c_arezzo,greek,,Arretion,,,,,,,,,,,x
c_arezzo,roman,,Arretium,,,,,,,,,,,x
b_cittadicastello,b_cittadicastello,,Città di Castello,,,,,,,,,,,x
b_cittadicastello,b_cittadicastello_adj,,,,,,,,,,,,,x
b_montevarchi,b_montevarchi,,Castello di Monteguarco,,,,,,,,,,,x
b_montevarchi,b_montevarchi_adj,,,,,,,,,,,,,x
b_cortona,b_cortona,,Cortona,,,,,,,,,,,x
b_cortona,b_cortona_adj,,,,,,,,,,,,,x
b_cortona,greek,,Kortona,,,,,,,,,,,x
b_arezzo,b_arezzo,,Arezzo,,,,,,,,,,,x
b_arezzo,b_arezzo_adj,,,,,,,,,,,,,x
b_arezzo,greek,,Arretion,,,,,,,,,,,x
b_arezzo,roman,,Arretium,,,,,,,,,,,x
c_siena,PROV330,,Siena,,,,,,,,,,,x
c_siena,c_siena,,,,,,,,,,,,,x
c_siena,c_siena_adj,,Sienian,,,,,,,,,,,x
c_siena,greek,,Saena,,,,,,,,,,,x
c_siena,roman,,Saena,,,,,,,,,,,x
b_siena,b_siena,,Siena,,,,,,,,,,,x
b_siena,b_siena_adj,,,,,,,,,,,,,x
b_siena,greek,,Saena,,,,,,,,,,,x
b_siena,roman,,Saena,,,,,,,,,,,x
b_pienza,b_pienza,,Pienza,,,,,,,,,,,x
b_pienza,b_pienza_adj,,,,,,,,,,,,,x
b_montalcino,b_montalcino,,Montalcino,,,,,,,,,,,x
b_montalcino,b_montalcino_adj,,,,,,,,,,,,,x
b_monteriggioni,b_monteriggioni,,Monteriggioni,,,,,,,,,,,x
b_monteriggioni,b_monteriggioni_adj,,,,,,,,,,,,,x
b_castelnuovoberardenga,b_castelnuovoberardenga,,Castelnuovo Berardenga,,,,,,,,,,,x
b_castelnuovoberardenga,b_castelnuovoberardenga_adj,,,,,,,,,,,,,x
b_castellodibrolio,b_castellodibrolio,,Castello di Brolio,,,,,,,,,,,x
b_castellodibrolio,b_castellodibrolio_adj,,,,,,,,,,,,,x
c_piombino,PROV331,,Grosseto,,,,,,,,,,,x
c_piombino,c_piombino,,,,,,,,,,,,,x
c_piombino,c_piombino_adj,,Piombinian,,,,,,,,,,,x
c_piombino,greek,,Rhousellai,,,,,,,,,,,x
c_piombino,roman,,Rusellae,,,,,,,,,,,x
b_suvereto,b_suvereto,,Suvereto,,,,,,,,,,,x
b_suvereto,b_suvereto_adj,,,,,,,,,,,,,x
b_grosseto,b_grosseto,,Grosseto,,,,,,,,,,,x
b_grosseto,b_grosseto_adj,,,,,,,,,,,,,x
b_roselle,b_roselle,,Roselle,,,,,,,,,,,x
b_roselle,b_roselle_adj,,,,,,,,,,,,,x
b_roselle,greek,,Rhousellai,,,,,,,,,,,x
b_roselle,roman,,Rusellae,,,,,,,,,,,x
b_castellodimonteregio,b_castellodimonteregio,,Castello di Monteregio,,,,,,,,,,,x
b_castellodimonteregio,b_castellodimonteregio_adj,,,,,,,,,,,,,x
c_orbetello,PROV332,,Santa Fiora,,,,,,,,,,,x
c_orbetello,c_orbetello,,,,,,,,,,,,,x
c_orbetello,c_orbetello_adj,,Orbetellian,,,,,,,,,,,x
b_orbetello,b_orbetello,,Orbetello,,,,,,,,,,,x
b_orbetello,b_orbetello_adj,,,,,,,,,,,,,x
b_pitigliano,b_pitigliano,,Pitigliano,,,,,,,,,,,x
b_pitigliano,b_pitigliano_adj,,,,,,,,,,,,,x
b_sorano,b_sorano,,Sorano,,,,,,,,,,,x
b_sorano,b_sorano_adj,,,,,,,,,,,,,x
b_sovana,b_sovana,,Soana,,,,,,,,,,,x
b_sovana,b_sovana_adj,,,,,,,,,,,,,x
b_sovana,greek,,Souana,,,,,,,,,,,x
b_sovana,roman,,Suana,,,,,,,,,,,x
b_arcidosso,b_arcidosso,,Arcidosso,,,,,,,,,,,x
b_arcidosso,b_arcidosso_adj,,,,,,,,,,,,,x
b_santafiora,b_santafiora,,Santa Fiora,,,,,,,,,,,x
b_santafiora,b_santafiora_adj,,,,,,,,,,,,,x
d_pisa,d_pisa,,Pisa,,,,,,,,,,,x
d_pisa,d_pisa_adj,,Pisan,,,,,,,,,,,x
d_pisa,greek,,Pisai,,,,,,,,,,,x
d_pisa,roman,,Pisae,,,,,,,,,,,x
c_pisa,PROV327,,Pisa,,,,,,,,,,,x
c_pisa,c_pisa,,,,,,,,,,,,,x
c_pisa,c_pisa_adj,,Pisan,,,,,,,,,,,x
c_pisa,greek,,Pisai,,,,,,,,,,,x
c_pisa,roman,,Pisae,,,,,,,,,,,x
b_pisa,b_pisa,,Pisa,,,,,,,,,,,x
b_pisa,b_pisa_adj,,,,,,,,,,,,,x
b_pisa,greek,,Pisai,,,,,,,,,,,x
b_pisa,roman,,Pisae,,,,,,,,,,,x
b_castellodiripoli,b_castellodiripoli,,Castello di Ripoli,,,,,,,,,,,x
b_castellodiripoli,b_castellodiripoli_adj,,,,,,,,,,,,,x
b_vicopisano,b_vicopisano,,Vicopisano,,,,,,,,,,,x
b_vicopisano,b_vicopisano_adj,,,,,,,,,,,,,x
b_piombino,b_piombino,,Piombino,,,,,,,,,,,x
b_piombino,b_piombino_adj,,,,,,,,,,,,,x
b_piombino,greek,,Poplonion,,,,,,,,,,,x
b_piombino,roman,,Populunium,,,,,,,,,,,x
b_bolgheri,b_bolgheri,,Bolgheri,,,,,,,,,,,x
b_bolgheri,b_bolgheri_adj,,,,,,,,,,,,,x
d_siena,d_siena,,Siena,,,,,,,,,,,x
d_siena,d_siena_adj,,Siena,,,,,,,,,,,x
d_siena,greek,,Saena,,,,,,,,,,,x
d_siena,roman,,Saena,,,,,,,,,,,x
k_patrimoniumpetri,k_patrimoniumpetri,,Patrimonium Sancti Petri,,,,,,,,,,,x
k_patrimoniumpetri,k_patrimoniumpetri_adj,,Sanctimonialis,,,,,,,,,,,x
k_patrimoniumpetri,armenian,,Exarchos Ravenna,,,,,,,,,,,x
k_patrimoniumpetri,greek,,Exarchos Ravenna,,,,,,,,,,,x
k_patrimoniumpetri,roman,,Exarchatus Ravennatis,,,,,,,,,,,x
k_patrimoniumpetri,short_name,,yes,,,,,,,,,,,x
d_ferrara,d_ferrara,,Ferrara,,,,,,,,,,,x
d_ferrara,d_ferrara_adj,,Ferraran,,,,,,,,,,,x
c_ferrara,PROV353,,Ferrara,,,,,,,,,,,x
c_ferrara,c_ferrara,,,,,,,,,,,,,x
c_ferrara,c_ferrara_adj,,Ferrarian,,,,,,,,,,,x
c_ferrara,greek,,Ferraria,,,,,,,,,,,x
c_ferrara,roman,,Ferraria,,,,,,,,,,,x
b_ferrara,b_ferrara,,Frêra,,,,,,,,,,,x
b_ferrara,b_ferrara_adj,,,,,,,,,,,,,x
b_ferrara,greek,,Ferraria,,,,,,,,,,,x
b_ferrara,roman,,Ferraria,,,,,,,,,,,x
b_commacchio,b_commacchio,,Cmâc,,,,,,,,,,,x
b_commacchio,b_commacchio_adj,,,,,,,,,,,,,x
b_codigoro,b_codigoro,,Badéia ed Pomposa,,,,,,,,,,,x
b_codigoro,b_codigoro_adj,,,,,,,,,,,,,x
b_finaleemilia,b_finaleemilia,,Finèl,,,,,,,,,,,x
b_finaleemilia,b_finaleemilia_adj,,,,,,,,,,,,,x
c_rovigo,PROV1143,,Rovigo,,,,,,,,,,,x
c_rovigo,c_rovigo,,,,,,,,,,,,,x
c_rovigo,c_rovigo_adj,,Rovigotto,,,,,,,,,,,x
c_rovigo,greek,,Ateste,,,,,,,,,,,x
c_rovigo,roman,,Ateste,,,,,,,,,,,x
b_este,b_este,,Este,,,,,,,,,,,x
b_este,b_este_adj,,,,,,,,,,,,,x
b_este,greek,,Ateste,,,,,,,,,,,x
b_este,roman,,Ateste,,,,,,,,,,,x
b_occhiobello,b_occhiobello,,Ug Bèl,,,,,,,,,,,x
b_occhiobello,b_occhiobello_adj,,,,,,,,,,,,,x
b_rovigo,b_rovigo,,Rovigo,,,,,,,,,,,x
b_rovigo,b_rovigo_adj,,,,,,,,,,,,,x
b_adria,b_adria,,Adria,,,,,,,,,,,x
b_adria,b_adria_adj,,,,,,,,,,,,,x
b_adria,greek,,Hadria,,,,,,,,,,,x
b_adria,roman,,Hatria,,,,,,,,,,,x
d_ravenna,d_ravenna,,Ravenna,,,,,,,,,,,x
d_ravenna,d_ravenna_adj,,Romagnian,,,,,,,,,,,x
d_ravenna,greek,,Flaminia et Picenum,,,,,,,,,,,x
d_ravenna,roman,,Flaminia et Picenum,,,,,,,,,,,x
c_ravenna,PROV351,,Ravenna,,,,,,,,,,,x
c_ravenna,c_ravenna,,,,,,,,,,,,,x
c_ravenna,c_ravenna_adj,,Ravennian,,,,,,,,,,,x
c_ravenna,greek,,Rhaouenna,,,,,,,,,,,x
b_ravenna,b_ravenna,,Ravenna,,,,,,,,,,,x
b_ravenna,b_ravenna_adj,,,,,,,,,,,,,x
b_ravenna,greek,,Rhaouenna,,,,,,,,,,,x
b_bagnacavallo,b_bagnacavallo,,Bagnacavàl,,,,,,,,,,,x
b_bagnacavallo,b_bagnacavallo_adj,,,,,,,,,,,,,x
b_cervia,b_cervia,,Zirvia,,,,,,,,,,,x
b_cervia,b_cervia_adj,,,,,,,,,,,,,x
b_cervia,greek,,Ficocle,,,,,,,,,,,x
b_cervia,roman,,Ficocle,,,,,,,,,,,x
b_russi,b_russi,,Rós,,,,,,,,,,,x
b_russi,b_russi_adj,,,,,,,,,,,,,x
b_cunio,b_cunio,,Castèl d Cunio,,,,,,,,,,,x
b_cunio,b_cunio_adj,,,,,,,,,,,,,x
c_bologna,PROV352,,Bologna,,,,,,,,,,,x
c_bologna,c_bologna,,,,,,,,,,,,,x
c_bologna,c_bologna_adj,,Bolognian,,,,,,,,,,,x
c_bologna,greek,,Bononia,,,,,,,,,,,x
c_bologna,roman,,Bononia,,,,,,,,,,,x
b_bologna,b_bologna,,Bulåggna,,,,,,,,,,,x
b_bologna,b_bologna_adj,,,,,,,,,,,,,x
b_bologna,greek,,Bononia,,,,,,,,,,,x
b_bologna,roman,,Bononia,,,,,,,,,,,x
b_monterenzio,b_monterenzio,,Måntrànz,,,,,,,,,,,x
b_monterenzio,b_monterenzio_adj,,,,,,,,,,,,,x
b_monghidoro,b_monghidoro,,Dscargalèsen,,,,,,,,,,,x
b_monghidoro,b_monghidoro_adj,,,,,,,,,,,,,x
b_budro,b_budro,,Bûdri,,,,,,,,,,,x
b_budro,b_budro_adj,,,,,,,,,,,,,x
b_munzuno,b_munzuno,,Munzón,,,,,,,,,,,x
b_munzuno,b_munzuno_adj,,,,,,,,,,,,,x
c_forli,PROV1123,,Forli,,,,,,,,,,,x
c_forli,c_forli,,,,,,,,,,,,,x
c_forli,c_forli_adj,,Forlivese,,,,,,,,,,,x
c_forli,greek,,Phoron Livii,,,,,,,,,,,x
c_forli,roman,,Forum Livii,,,,,,,,,,,x
b_faenza,b_faenza,,Fënsa,,,,,,,,,,,x
b_faenza,b_faenza_adj,,,,,,,,,,,,,x
b_faenza,greek,,Phaouentia,,,,,,,,,,,x
b_faenza,roman,,Faventia,,,,,,,,,,,x
b_forli,b_forli,,Furlè,,,,,,,,,,,x
b_forli,b_forli_adj,,,,,,,,,,,,,x
b_forli,greek,,Phoron Livii,,,,,,,,,,,x
b_forli,roman,,Forum Livii,,,,,,,,,,,x
b_imola,b_imola,,Iommla,,,,,,,,,,,x
b_imola,b_imola_adj,,,,,,,,,,,,,x
b_imola,greek,,Phoron Kornélion,,,,,,,,,,,x
b_imola,roman,,Forum Cornelii,,,,,,,,,,,x
b_roccadellecaminate,b_roccadellecaminate,,Ròca ed Caminate,,,,,,,,,,,x
b_roccadellecaminate,b_roccadellecaminate_adj,,,,,,,,,,,,,x
b_dovadola,b_dovadola,,Dvèdla,,,,,,,,,,,x
b_dovadola,b_dovadola_adj,,,,,,,,,,,,,x
c_rimini,PROV1133,,Rimini,,,,,,,,,,,x
c_rimini,c_rimini,,,,,,,,,,,,,x
c_rimini,c_rimini_adj,,Riminese,,,,,,,,,,,x
c_rimini,greek,,Ariminon,,,,,,,,,,,x
c_rimini,roman,,Ariminum,,,,,,,,,,,x
b_rimini,b_rimini,,Remne,,,,,,,,,,,x
b_rimini,b_rimini_adj,,,,,,,,,,,,,x
b_rimini,greek,,Ariminon,,,,,,,,,,,x
b_rimini,roman,,Ariminum,,,,,,,,,,,x
b_sigismondo,b_sigismondo,,Castèl ed Sigismondo,,,,,,,,,,,x
b_sigismondo,b_sigismondo_adj,,,,,,,,,,,,,x
b_cesena,b_cesena,,Zisèna,,,,,,,,,,,x
b_cesena,b_cesena_adj,,,,,,,,,,,,,x
b_cesena,greek,,Kaisena,,,,,,,,,,,x
b_cesena,roman,,Caesena,,,,,,,,,,,x
b_gradara,b_gradara,,Gradèra,,,,,,,,,,,x
b_gradara,b_gradara_adj,,,,,,,,,,,,,x
d_ancona,d_ancona,,Marche,,,,,,,,,,,x
d_ancona,d_ancona_adj,,Marchian,,,,,,,,,,,x
d_ancona,greek,,Pikentine,,,,,,,,,,,x
d_ancona,roman,,Picenum Suburbicarum,,,,,,,,,,,x
c_ancona,PROV350,,Ancona,,,,,,,,,,,x
c_ancona,c_ancona,,,,,,,,,,,,,x
c_ancona,c_ancona_adj,,Anconian,,,,,,,,,,,x
c_ancona,greek,,Ankon,,,,,,,,,,,x
c_ancona,foa,,MARQUISATE_FOA,,,,,,,,,,,x
c_ancona,title,,MARQUISATE,,,,,,,,,,,x
c_ancona,title_female,,MARCHESA,,,,,,,,,,,x
c_ancona,title_prefix,,MARQUISATE_OF,,,,,,,,,,,x
b_ancona,b_ancona,,Ancona,,,,,,,,,,,x
b_ancona,b_ancona_adj,,,,,,,,,,,,,x
b_ancona,greek,,Ankon,,,,,,,,,,,x
b_osimo,b_osimo,,Osimo,,,,,,,,,,,x
b_osimo,b_osimo_adj,,,,,,,,,,,,,x
b_osimo,greek,,Auxoumon,,,,,,,,,,,x
b_osimo,roman,,Auximum,,,,,,,,,,,x
b_recanati,b_recanati,,Recanati,,,,,,,,,,,x
b_recanati,b_recanati_adj,,,,,,,,,,,,,x
b_tolentino,b_tolentino,,Tolentino,,,,,,,,,,,x
b_tolentino,b_tolentino_adj,,,,,,,,,,,,,x
b_tolentino,greek,,Tolentinon,,,,,,,,,,,x
b_tolentino,roman,,Tolentinum,,,,,,,,,,,x
b_mondavio,b_mondavio,,Mondavi,,,,,,,,,,,x
b_mondavio,b_mondavio_adj,,,,,,,,,,,,,x
c_fermo,PROV1116,,Fermo,,,,,,,,,,,x
c_fermo,c_fermo,,,,,,,,,,,,,x
c_fermo,c_fermo_adj,,Fermano,,,,,,,,,,,x
c_fermo,greek,,Firmon,,,,,,,,,,,x
c_fermo,roman,,Firmum,,,,,,,,,,,x
c_fermo,foa,,MARQUISATE_FOA,,,,,,,,,,,x
c_fermo,title,,MARQUISATE,,,,,,,,,,,x
c_fermo,title_female,,MARCHESA,,,,,,,,,,,x
c_fermo,title_prefix,,MARQUISATE_OF,,,,,,,,,,,x
b_tortoreto,b_tortoreto,,Tortoreto,,,,,,,,,,,x
b_tortoreto,b_tortoreto_adj,,,,,,,,,,,,,x
b_ascolipiceno,b_ascolipiceno,,Ascule,,,,,,,,,,,x
b_ascolipiceno,b_ascolipiceno_adj,,,,,,,,,,,,,x
b_ascolipiceno,greek,,Askoulon,,,,,,,,,,,x
b_ascolipiceno,roman,,Asculum,,,,,,,,,,,x
b_fermo,b_fermo,,Fermo,,,,,,,,,,,x
b_fermo,b_fermo_adj,,,,,,,,,,,,,x
b_fermo,greek,,Firmon,,,,,,,,,,,x
b_fermo,roman,,Firmum,,,,,,,,,,,x
c_camerino,PROV1117,,Camerino,,,,,,,,,,,x
c_camerino,c_camerino,,,,,,,,,,,,,x
c_camerino,c_camerino_adj,,Camerinese,,,,,,,,,,,x
c_camerino,greek,,Kamarinon,,,,,,,,,,,x
c_camerino,roman,,Camerinum,,,,,,,,,,,x
c_camerino,foa,,MARQUISATE_FOA,,,,,,,,,,,x
c_camerino,title,,MARQUISATE,,,,,,,,,,,x
c_camerino,title_female,,MARCHESA,,,,,,,,,,,x
c_camerino,title_prefix,,MARQUISATE_OF,,,,,,,,,,,x
b_roccaflea,b_roccaflea,,Rocca Flea,,,,,,,,,,,x
b_roccaflea,b_roccaflea_adj,,,,,,,,,,,,,x
b_caldarola,b_caldarola,,Caldarola,,,,,,,,,,,x
b_caldarola,b_caldarola_adj,,,,,,,,,,,,,x
b_preci,b_preci,,Preci,,,,,,,,,,,x
b_preci,b_preci_adj,,,,,,,,,,,,,x
b_camerino,b_camerino,,Cammerinu,,,,,,,,,,,x
b_camerino,b_camerino_adj,,,,,,,,,,,,,x
b_camerino,greek,,Kamarinon,,,,,,,,,,,x
b_camerino,roman,,Camerinum,,,,,,,,,,,x
d_urbino,d_urbino,,Urbino,,,,,,,,,,,x
d_urbino,d_urbino_adj,,Urbinian,,,,,,,,,,,x
d_urbino,greek,,Umbrike,,,,,,,,,,,x
d_urbino,roman,,Umbria,,,,,,,,,,,x
c_montefeltro,PROV1121,,Montefeltro,,,,,,,,,,,x
c_montefeltro,c_montefeltro,,,,,,,,,,,,,x
c_montefeltro,c_montefeltro_adj,,Sammarinese,,,,,,,,,,,x
b_carpegna,b_carpegna,,Carpegna,,,,,,,,,,,x
b_carpegna,b_carpegna_adj,,,,,,,,,,,,,x
b_sanleo,b_sanleo,,San Lé,,,,,,,,,,,x
b_sanleo,b_sanleo_adj,,,,,,,,,,,,,x
b_sanleo,greek,,Monteferetra,,,,,,,,,,,x
b_sanleo,roman,,Monteferetra,,,,,,,,,,,x
b_montecopiolo,b_montecopiolo,,Montecopiolo,,,,,,,,,,,x
b_montecopiolo,b_montecopiolo_adj,,,,,,,,,,,,,x
b_sanmarino,b_sanmarino,,San Maroin,,,,,,,,,,,x
b_sanmarino,b_sanmarino_adj,,,,,,,,,,,,,x
c_urbino,PROV329,,Urbino,,,,,,,,,,,x
c_urbino,c_urbino,,,,,,,,,,,,,x
c_urbino,c_urbino_adj,,Urbinian,,,,,,,,,,,x
c_urbino,greek,,Ourbinon,,,,,,,,,,,x
c_urbino,roman,,Urbinium,,,,,,,,,,,x
b_urbino,b_urbino,,Urbìn,,,,,,,,,,,x
b_urbino,b_urbino_adj,,,,,,,,,,,,,x
b_urbino,greek,,Ourbinon,,,,,,,,,,,x
b_urbino,roman,,Urbinium,,,,,,,,,,,x
b_sanseverino,b_sanseverino,,San Severino,,,,,,,,,,,x
b_sanseverino,b_sanseverino_adj,,,,,,,,,,,,,x
b_sanseverino,greek,,Septempeda,,,,,,,,,,,x
b_sanseverino,roman,,Septempeda,,,,,,,,,,,x
b_fossombrone,b_fossombrone,,Fossombrón,,,,,,,,,,,x
b_fossombrone,b_fossombrone_adj,,,,,,,,,,,,,x
b_fossombrone,greek,,Phóron Sempronion,,,,,,,,,,,x
b_fossombrone,roman,,Forum Sempronii,,,,,,,,,,,x
b_gubbio,b_gubbio,,Gubbio,,,,,,,,,,,x
b_gubbio,b_gubbio_adj,,,,,,,,,,,,,x
b_gubbio,greek,,Igoúïon,,,,,,,,,,,x
b_gubbio,roman,,Iguvium,,,,,,,,,,,x
b_roccatorrinone,b_roccatorrinone,,Rocca Torrione,,,,,,,,,,,x
b_roccatorrinone,b_roccatorrinone_adj,,,,,,,,,,,,,x
d_spoleto,d_spoleto,,Spoleto,,,,,,,,,,,x
d_spoleto,d_spoleto_adj,,Spoletan,,,,,,,,,,,x
d_spoleto,greek,,Oualeria,,,,,,,,,,,x
d_spoleto,roman,,Valeria,,,,,,,,,,,x
c_spoleto,PROV349,,Spoleto,,,,,,,,,,,x
c_spoleto,c_spoleto,,,,,,,,,,,,,x
c_spoleto,c_spoleto_adj,,Spoletian,,,,,,,,,,,x
c_spoleto,greek,,Spoletion,,,,,,,,,,,x
c_spoleto,roman,,Spoletium,,,,,,,,,,,x
b_spoleto,b_spoleto,,Spuléti,,,,,,,,,,,x
b_spoleto,b_spoleto_adj,,,,,,,,,,,,,x
b_spoleto,greek,,Spoletion,,,,,,,,,,,x
b_spoleto,roman,,Spoletium,,,,,,,,,,,x
b_assisi,b_assisi,,Assisi,,,,,,,,,,,x
b_assisi,b_assisi_adj,,,,,,,,,,,,,x
b_assisi,greek,,Asision,,,,,,,,,,,x
b_assisi,roman,,Asisium,,,,,,,,,,,x
b_todi,b_todi,,Todi,,,,,,,,,,,x
b_todi,b_todi_adj,,,,,,,,,,,,,x
b_terni,b_terni,,Terni,,,,,,,,,,,x
b_terni,b_terni_adj,,,,,,,,,,,,,x
b_terni,greek,,Interamna,,,,,,,,,,,x
b_terni,roman,,Interamna,,,,,,,,,,,x
b_foligno,b_foligno,,Fuligni,,,,,,,,,,,x
b_foligno,b_foligno_adj,,,,,,,,,,,,,x
b_foligno,greek,,Phoulkinion,,,,,,,,,,,x
b_foligno,roman,,Fulginium,,,,,,,,,,,x
b_bevagna,b_bevagna,,Bevagna,,,,,,,,,,,x
b_bevagna,b_bevagna_adj,,,,,,,,,,,,,x
c_perugia,PROV1145,,Perugia,,,,,,,,,,,x
c_perugia,c_perugia,,,,,,,,,,,,,x
c_perugia,c_perugia_adj,,Perugino,,,,,,,,,,,x
c_perugia,greek,,Perousia,,,,,,,,,,,x
c_perugia,roman,,Perusia,,,,,,,,,,,x
b_perugia,b_perugia,,Perugia,,,,,,,,,,,x
b_perugia,b_perugia_adj,,,,,,,,,,,,,x
b_perugia,greek,,Perousia,,,,,,,,,,,x
b_perugia,roman,,Perusia,,,,,,,,,,,x
b_magione,b_magione,,Magione,,,,,,,,,,,x
b_magione,b_magione_adj,,,,,,,,,,,,,x
b_castellodelleforme,b_castellodelleforme,,Castello delle Forme,,,,,,,,,,,x
b_castellodelleforme,b_castellodelleforme_adj,,,,,,,,,,,,,x
b_castellodelleone,b_castellodelleone,,Castello del Leone,,,,,,,,,,,x
b_castellodelleone,b_castellodelleone_adj,,,,,,,,,,,,,x
c_aprutium,PROV929,,Abruzzo,,,,,,,,,,,x
c_aprutium,c_aprutium,,,,,,,,,,,,,x
c_aprutium,c_aprutium_adj,,Aprutian,,,,,,,,,,,x
c_aprutium,greek,,Interamnion,,,,,,,,,,,x
b_calascio,b_calascio,,Calascio,,,,,,,,,,,x
b_calascio,b_calascio_adj,,,,,,,,,,,,,x
b_teramo,b_teramo,,Teramo,,,,,,,,,,,x
b_teramo,b_teramo_adj,,,,,,,,,,,,,x
b_aquila,b_aquila,,Aquila,,,,,,,,,,,x
b_aquila,b_aquila_adj,,,,,,,,,,,,,x
d_latium,d_latium,,Latium,,,,,,,,,,,x
d_latium,d_latium_adj,,Latin,,,,,,,,,,,x
d_latium,greek,,Latine,,,,,,,,,,,x
c_roma,PROV333,,Roma,,,,,,,,,,,x
c_roma,c_roma,,,,,,,,,,,,,x
c_roma,c_roma_adj,,Roman,,,,,,,,,,,x
c_roma,greek,,Rhome,,,,,,,,,,,x
b_roma,b_roma,,Roma,,,,,,,,,,,x
b_roma,b_roma_adj,,,,,,,,,,,,,x
b_roma,greek,,Rhome,,,,,,,,,,,x
b_roma,norse,,Rómarborg,,,,,,,,,,,x
b_castelsantangelo,b_castelsantangelo,,Castel Sant'Angelo,,,,,,,,,,,x
b_castelsantangelo,b_castelsantangelo_adj,,,,,,,,,,,,,x
b_castellodiLunghezza,b_castellodiLunghezza,,Castelo de Lunghezza,,,,,,,,,,,x
b_castellodiLunghezza,b_castellodiLunghezza_adj,,,,,,,,,,,,,x
b_tivoli,b_tivoli,,Tivoli,,,,,,,,,,,x
b_tivoli,b_tivoli_adj,,,,,,,,,,,,,x
b_tivoli,greek,,Tibourinon,,,,,,,,,,,x
b_tivoli,roman,,Tibur,,,,,,,,,,,x
b_ostia,b_ostia,,Ostia,,,,,,,,,,,x
b_ostia,b_ostia_adj,,,,,,,,,,,,,x
b_palo,b_palo,,Palo,,,,,,,,,,,x
b_palo,b_palo_adj,,,,,,,,,,,,,x
b_palo,greek,,Alsion,,,,,,,,,,,x
b_palo,roman,,Alsium,,,,,,,,,,,x
b_bracciano,b_bracciano,,Bracciano,,,,,,,,,,,x
b_bracciano,b_bracciano_adj,,,,,,,,,,,,,x
c_tusculum,PROV1119,,Tusculum,,,,,,,,,,,x
c_tusculum,c_tusculum,,,,,,,,,,,,,x
c_tusculum,c_tusculum_adj,,Tuscolano,,,,,,,,,,,x
c_tusculum,greek,,Touskoulon,,,,,,,,,,,x
b_castelgandolfolatium,b_castelgandolfolatium,,Castel Gandolfo,,,,,,,,,,,x
b_castelgandolfolatium,b_castelgandolfolatium_adj,,,,,,,,,,,,,x
b_tusculum,b_tusculum,,Tusculum,,,,,,,,,,,x
b_tusculum,b_tusculum_adj,,,,,,,,,,,,,x
b_tusculum,greek,,Touskoulon,,,,,,,,,,,x
b_anagni,b_anagni,,Anagni,,,,,,,,,,,x
b_anagni,b_anagni_adj,,,,,,,,,,,,,x
b_anagni,greek,,Anágneiai,,,,,,,,,,,x
b_anagni,roman,,Anagnia,,,,,,,,,,,x
b_velletri,b_velletri,,Velletri,,,,,,,,,,,x
b_velletri,b_velletri_adj,,,,,,,,,,,,,x
b_velletri,greek,,Ouélitrai,,,,,,,,,,,x
b_velletri,roman,,Vellitrae,,,,,,,,,,,x
c_viterbo,PROV1128,,Viterbo,,,,,,,,,,,x
c_viterbo,c_viterbo,,,,,,,,,,,,,x
c_viterbo,c_viterbo_adj,,Viterbese,,,,,,,,,,,x
b_roccaviterbo,b_roccaviterbo,,Rocca,,,,,,,,,,,x
b_roccaviterbo,b_roccaviterbo_adj,,,,,,,,,,,,,x
b_viterbo,b_viterbo,,Viterbo,,,,,,,,,,,x
b_viterbo,b_viterbo_adj,,,,,,,,,,,,,x
b_tolfa,b_tolfa,,Tolfa,,,,,,,,,,,x
b_tolfa,b_tolfa_adj,,,,,,,,,,,,,x
b_sorianonelcimino,b_sorianonelcimino,,Soriano nel Cimino,,,,,,,,,,,x
b_sorianonelcimino,b_sorianonelcimino_adj,,,,,,,,,,,,,x
c_nerola,PROV1118,,Nerola,,,,,,,,,,,x
c_nerola,c_nerola,,,,,,,,,,,,,x
c_nerola,c_nerola_adj,,Nerolese,,,,,,,,,,,x
b_nerola,b_nerola,,Nerola,,,,,,,,,,,x
b_nerola,b_nerola_adj,,,,,,,,,,,,,x
b_arce,b_arce,,Arce,,,,,,,,,,,x
b_arce,b_arce_adj,,,,,,,,,,,,,x
b_montesangiovannicampano,b_montesangiovannicampano,,Monte San Giovanni Campano,,,,,,,,,,,x
b_montesangiovannicampano,b_montesangiovannicampano_adj,,,,,,,,,,,,,x
b_roccaguglielma,b_roccaguglielma,,Roccaguglielma,,,,,,,,,,,x
b_roccaguglielma,b_roccaguglielma_adj,,,,,,,,,,,,,x
b_roccadicampolato,b_roccadicampolato,,Tore de Campolato,,,,,,,,,,,x
b_roccadicampolato,b_roccadicampolato_adj,,,,,,,,,,,,,x
b_marcellina,b_marcellina,,Marcellina,,,,,,,,,,,x
b_marcellina,b_marcellina_adj,,,,,,,,,,,,,x
c_orvieto,PROV243,,Orvieto,,,,,,,,,,,x
c_orvieto,c_orvieto,,,,,,,,,,,,,x
c_orvieto,c_orvieto_adj,,Orvietian,,,,,,,,,,,x
c_orvieto,greek,,Ouolsinion,,,,,,,,,,,x
c_orvieto,roman,,Volsinii,,,,,,,,,,,x
b_orvieto,b_orvieto,,Orvieto,,,,,,,,,,,x
b_orvieto,b_orvieto_adj,,,,,,,,,,,,,x
b_orvieto,greek,,Ouolsinion,,,,,,,,,,,x
b_orvieto,roman,,Volsinii,,,,,,,,,,,x
b_ficulle,b_ficulle,,Ficulle,,,,,,,,,,,x
b_ficulle,b_ficulle_adj,,,,,,,,,,,,,x
b_narni,b_narni,,Narnia,,,,,,,,,,,x
b_narni,b_narni_adj,,,,,,,,,,,,,x
b_alviano,b_alviano,,Alviano,,,,,,,,,,,x
b_alviano,b_alviano_adj,,,,,,,,,,,,,x
k_sardinia,k_sardinia,,Corsicae et Sardiniae,,,,,,,,,,,x
k_sardinia,k_sardinia_adj,,Sardinian,,,,,,,,,,,x
d_corsica,d_corsica,,Corsica,,,,,,,,,,,x
d_corsica,d_corsica_adj,,Corsa,,,,,,,,,,,x
d_corsica,greek,,Korsís,,,,,,,,,,,x
d_corsica,roman,,Corsicae,,,,,,,,,,,x
c_terradicomune,PROV1101,,Terra di Comune,,,,,,,,,,,x
c_terradicomune,c_terradicomune,,,,,,,,,,,,,x
c_terradicomune,c_terradicomune_adj,,Alandese,,,,,,,,,,,x
c_terradicomune,short_name,,yes,,,,,,,,,,,x
b_calvi,b_calvi,,Calvi,,,,,,,,,,,x
b_calvi,b_calvi_adj,,,,,,,,,,,,,x
b_alando,b_alando,,Alandu,,,,,,,,,,,x
b_alando,b_alando_adj,,,,,,,,,,,,,x
b_castellodirostino,b_castellodirostino,,Castellu di Rustinu,,,,,,,,,,,x
b_castellodirostino,b_castellodirostino_adj,,,,,,,,,,,,,x
b_lucciano,b_lucciano,,Lucciana,,,,,,,,,,,x
b_lucciano,b_lucciano_adj,,,,,,,,,,,,,x
c_corse,PROV1102,,Capo di Corse,,,,,,,,,,,x
c_corse,c_corse,,,,,,,,,,,,,x
c_corse,c_corse_adj,,Cardino,,,,,,,,,,,x
c_corse,short_name,,yes,,,,,,,,,,,x
b_nebbio,b_nebbio,,Nebbiu,,,,,,,,,,,x
b_nebbio,b_nebbio_adj,,,,,,,,,,,,,x
b_cardo,b_cardo,,Cardo,,,,,,,,,,,x
b_cardo,b_cardo_adj,,,,,,,,,,,,,x
c_corsica,PROV324,,Cinarca,,,,,,,,,,,x
c_corsica,c_corsica,,,,,,,,,,,,,x
c_corsica,c_corsica_adj,,Corsican,,,,,,,,,,,x
b_ajaccio,b_ajaccio,,Aiacciu,,,,,,,,,,,x
b_ajaccio,b_ajaccio_adj,,,,,,,,,,,,,x
b_ajaccio,greek,,Agiation,,,,,,,,,,,x
b_bonifacio,b_bonifacio,,Bunifaziu,,,,,,,,,,,x
b_bonifacio,b_bonifacio_adj,,,,,,,,,,,,,x
b_cinarca,b_cinarca,,Cinarca,,,,,,,,,,,x
b_cinarca,b_cinarca_adj,,,,,,,,,,,,,x
b_mariani,b_mariani,,Mariana,,,,,,,,,,,x
b_mariani,b_mariani_adj,,,,,,,,,,,,,x
d_sardinia,d_sardinia,,Sardinia,,,,,,,,,,,x
d_sardinia,d_sardinia_adj,,Sardinian,,,,,,,,,,,x
d_sardinia,greek,,Sardo,,,,,,,,,,,x
d_sardinia,roman,,Sardiniae,,,,,,,,,,,x
c_logudoro,PROV1104,,Logudoro,,,,,,,,,,,x
c_logudoro,c_logudoro,,,,,,,,,,,,,x
c_logudoro,c_logudoro_adj,,Logudorese,,,,,,,,,,,x
c_logudoro,foa,,GIUDICATO_FOA,,,,,,,,,,,x
c_logudoro,title,,GIUDICATO,,,,,,,,,,,x
c_logudoro,title_female,,GIUDICATO_F,,,,,,,,,,,x
c_logudoro,title_prefix,,GIUDICATO_OF,,,,,,,,,,,x
b_ardara,b_ardara,,Aldara,,,,,,,,,,,x
b_ardara,b_ardara_adj,,,,,,,,,,,,,x
b_sassari,b_sassari,,Thàthari,,,,,,,,,,,x
b_sassari,b_sassari_adj,,,,,,,,,,,,,x
b_portotorres,b_portotorres,,Pòlthu Tòrra,,,,,,,,,,,x
b_portotorres,b_portotorres_adj,,,,,,,,,,,,,x
b_portotorres,greek,,Pyrgos Libyssonos,,,,,,,,,,,x
b_portotorres,roman,,Turris Libyssonis,,,,,,,,,,,x
b_alghero,b_alghero,,S'Alighèra,,,,,,,,,,,x
b_alghero,b_alghero_adj,,,,,,,,,,,,,x
c_gallura,PROV1103,,Gallura,,,,,,,,,,,x
c_gallura,c_gallura,,,,,,,,,,,,,x
c_gallura,c_gallura_adj,,Gallurese,,,,,,,,,,,x
c_gallura,foa,,GIUDICATO_FOA,,,,,,,,,,,x
c_gallura,title,,GIUDICATO,,,,,,,,,,,x
c_gallura,title_female,,GIUDICATO_F,,,,,,,,,,,x
c_gallura,title_prefix,,GIUDICATO_OF,,,,,,,,,,,x
b_dellafava,b_dellafava,,Casteddu,,,,,,,,,,,x
b_dellafava,b_dellafava_adj,,,,,,,,,,,,,x
b_olbia,b_olbia,,Tarranoa,,,,,,,,,,,x
b_olbia,b_olbia_adj,,,,,,,,,,,,,x
b_olbia,greek,,Olbia,,,,,,,,,,,x
b_olbia,roman,,Olbia,,,,,,,,,,,x
b_posadasardinia,b_posadasardinia,,Pasada,,,,,,,,,,,x
b_posadasardinia,b_posadasardinia_adj,,,,,,,,,,,,,x
c_arborea,PROV325,,Arborea,,,,,,,,,,,x
c_arborea,c_arborea,,,,,,,,,,,,,x
c_arborea,c_arborea_adj,,Arborean,,,,,,,,,,,x
c_arborea,foa,,GIUDICATO_FOA,,,,,,,,,,,x
c_arborea,title,,GIUDICATO,,,,,,,,,,,x
c_arborea,title_female,,GIUDICATO_F,,,,,,,,,,,x
c_arborea,title_prefix,,GIUDICATO_OF,,,,,,,,,,,x
b_oristano,b_oristano,,Oristanis,,,,,,,,,,,x
b_oristano,b_oristano_adj,,,,,,,,,,,,,x
b_oristano,greek,,Aristánis,,,,,,,,,,,x
b_cabras,b_cabras,,Crabas,,,,,,,,,,,x
b_cabras,b_cabras_adj,,,,,,,,,,,,,x
b_barumele,b_barumele,,Casteddu de Barùmini,,,,,,,,,,,x
b_barumele,b_barumele_adj,,,,,,,,,,,,,x
b_tharros,b_tharros,,Tharros,,,,,,,,,,,x
b_tharros,b_tharros_adj,,,,,,,,,,,,,x
b_tharros,greek,,Thàrras,,,,,,,,,,,x
b_tharros,roman,,Tarrae,,,,,,,,,,,x
c_cagliari,PROV326,,Cagliari,,,,,,,,,,,x
c_cagliari,c_cagliari,,,,,,,,,,,,,x
c_cagliari,c_cagliari_adj,,Cagliarian,,,,,,,,,,,x
c_cagliari,greek,,Karalis,,,,,,,,,,,x
c_cagliari,roman,,Caralis,,,,,,,,,,,x
c_cagliari,foa,,GIUDICATO_FOA,,,,,,,,,,,x
c_cagliari,title,,GIUDICATO,,,,,,,,,,,x
c_cagliari,title_female,,GIUDICATO_F,,,,,,,,,,,x
c_cagliari,title_prefix,,GIUDICATO_OF,,,,,,,,,,,x
b_cagliari,b_cagliari,,Casteddu,,,,,,,,,,,x
b_cagliari,b_cagliari_adj,,,,,,,,,,,,,x
b_cagliari,greek,,Karalis,,,,,,,,,,,x
b_cagliari,roman,,Caralis,,,,,,,,,,,x
b_ogliastra,b_ogliastra,,Ozzastra,,,,,,,,,,,x
b_ogliastra,b_ogliastra_adj,,,,,,,,,,,,,x
b_saintmichele,b_saintmichele,,Iglesia de san Michele,,,,,,,,,,,x
b_saintmichele,b_saintmichele_adj,,,,,,,,,,,,,x
b_villasor,b_villasor,,Bidda Sorris,,,,,,,,,,,x
b_villasor,b_villasor_adj,,,,,,,,,,,,,x
b_sanluri,b_sanluri,,Seddori,,,,,,,,,,,x
b_sanluri,b_sanluri_adj,,,,,,,,,,,,,x
k_sicily,k_sicily,,Sicilia,,,,,,,,,,,x
k_sicily,k_sicily_adj,,Siciliani,,,,,,,,,,,x
k_sicily,greek,,Italías,,,,,,,,,,,x
k_sicily,roman,,Suburbicaria,,,,,,,,,,,x
d_amalfi,d_amalfi,,Amalfi,,,,,,,,,,,x
d_amalfi,d_amalfi_adj,,Amalfitani,,,,,,,,,,,x
d_benevento,d_benevento,,Benevento,,,,,,,,,,,x
d_benevento,d_benevento_adj,,Benevenetian,,,,,,,,,,,x
d_benevento,greek,,Beneuenton,,,,,,,,,,,x
d_benevento,roman,,Beneventum,,,,,,,,,,,x
c_benevento,PROV335,,Benevento,,,,,,,,,,,x
c_benevento,c_benevento,,,,,,,,,,,,,x
c_benevento,c_benevento_adj,,Benevenetian,,,,,,,,,,,x
c_benevento,greek,,Beneuenton,,,,,,,,,,,x
c_benevento,roman,,Beneventum,,,,,,,,,,,x
b_benevento,b_benevento,,Ben-viént,,,,,,,,,,,x
b_benevento,b_benevento_adj,,,,,,,,,,,,,x
b_benevento,greek,,Beneuenton,,,,,,,,,,,x
b_benevento,roman,,Beneventum,,,,,,,,,,,x
b_avellino,b_avellino,,Avellino,,,,,,,,,,,x
b_avellino,b_avellino_adj,,,,,,,,,,,,,x
b_ariano,b_ariano,,A'rjæno,,,,,,,,,,,x
b_ariano,b_ariano_adj,,,,,,,,,,,,,x
b_apice,b_apice,,Apice,,,,,,,,,,,x
b_apice,b_apice_adj,,,,,,,,,,,,,x
c_molise,PROV1112,,Molise,,,,,,,,,,,x
c_molise,c_molise,,,,,,,,,,,,,x
c_molise,c_molise_adj,,Molisano,,,,,,,,,,,x
b_boiano,b_boiano,,Bojano,,,,,,,,,,,x
b_boiano,b_boiano_adj,,,,,,,,,,,,,x
b_boiano,greek,,Bouianon,,,,,,,,,,,x
b_boiano,roman,,Bovianum,,,,,,,,,,,x
b_campobasso,b_campobasso,,Campuasce,,,,,,,,,,,x
b_campobasso,b_campobasso_adj,,,,,,,,,,,,,x
b_trivento,b_trivento,,Trivento,,,,,,,,,,,x
b_trivento,b_trivento_adj,,,,,,,,,,,,,x
b_eremodeisanticosmaedamiano,b_eremodeisanticosmaedamiano,,Eremo dei Santi Cosma e Damiano,,,,,,,,,,,x
b_eremodeisanticosmaedamiano,b_eremodeisanticosmaedamiano_adj,,,,,,,,,,,,,x
d_napoli,d_napoli,,Napoli,,,,,,,,,,,x
d_napoli,d_napoli_adj,,Napolian,,,,,,,,,,,x
d_napoli,greek,,Neapolis,,,,,,,,,,,x
c_napoli,PROV334,,Napoli,,,,,,,,,,,x
c_napoli,c_napoli,,,,,,,,,,,,,x
c_napoli,c_napoli_adj,,Napolitanian,,,,,,,,,,,x
c_napoli,greek,,Neapolis,,,,,,,,,,,x
b_napoli,b_napoli,,Napule,,,,,,,,,,,x
b_napoli,b_napoli_adj,,,,,,,,,,,,,x
b_napoli,greek,,Neapolis,,,,,,,,,,,x
b_casteldellovo,b_casteldellovo,,Castièll dell'Ov,,,,,,,,,,,x
b_casteldellovo,b_casteldellovo_adj,,,,,,,,,,,,,x
b_castelnuovo,b_castelnuovo,,Maschio Angiuino,,,,,,,,,,,x
b_castelnuovo,b_castelnuovo_adj,,,,,,,,,,,,,x
b_santelmo,b_santelmo,,Castièll 'e Sant'Elmo,,,,,,,,,,,x
b_santelmo,b_santelmo_adj,,,,,,,,,,,,,x
b_castellamare,b_castellamare,,Castiellammare 'e Stabia,,,,,,,,,,,x
b_castellamare,b_castellamare_adj,,,,,,,,,,,,,x
b_castellamare,greek,,Stábiai,,,,,,,,,,,x
b_castellamare,roman,,Stabiae,,,,,,,,,,,x
c_aversa,PROV1107,,Aversa,,,,,,,,,,,x
c_aversa,c_aversa,,,,,,,,,,,,,x
c_aversa,c_aversa_adj,,Aversano,,,,,,,,,,,x
c_aversa,greek,,Kumai,,,,,,,,,,,x
b_aversa,b_aversa,,Averza,,,,,,,,,,,x
b_aversa,b_aversa_adj,,,,,,,,,,,,,x
b_cumae,b_cumae,,Cuma,,,,,,,,,,,x
b_cumae,b_cumae_adj,,,,,,,,,,,,,x
b_cumae,greek,,Kumai,,,,,,,,,,,x
b_pozzuoli,b_pozzuoli,,Pezzulo,,,,,,,,,,,x
b_pozzuoli,b_pozzuoli_adj,,,,,,,,,,,,,x
b_pozzuoli,greek,,Puteoloi,,,,,,,,,,,x
b_pozzuoli,roman,,Puteoli,,,,,,,,,,,x
b_ischia,b_ischia,,Ischia,,,,,,,,,,,x
b_ischia,b_ischia_adj,,,,,,,,,,,,,x
d_capua,d_capua,,Capua,,,,,,,,,,,x
d_capua,d_capua_adj,,Capuan,,,,,,,,,,,x
c_capua,PROV851,,Capua,,,,,,,,,,,x
c_capua,c_capua,,,,,,,,,,,,,x
c_capua,c_capua_adj,,Capuan,,,,,,,,,,,x
c_capua,greek,,Kapue,,,,,,,,,,,x
b_capua,b_capua,,Capua,,,,,,,,,,,x
b_capua,b_capua_adj,,,,,,,,,,,,,x
b_capua,greek,,Kapue,,,,,,,,,,,x
b_teano,b_teano,,Teano,,,,,,,,,,,x
b_teano,b_teano_adj,,,,,,,,,,,,,x
b_teano,greek,,Téanon,,,,,,,,,,,x
b_teano,roman,,Teanum Sidicinum,,,,,,,,,,,x
b_caserta,b_caserta,,Caserta,,,,,,,,,,,x
b_caserta,b_caserta_adj,,,,,,,,,,,,,x
b_caserta,greek,,Kalatia,,,,,,,,,,,x
b_caserta,roman,,Calatia,,,,,,,,,,,x
b_mondragone,b_mondragone,,Mundragone,,,,,,,,,,,x
b_mondragone,b_mondragone_adj,,,,,,,,,,,,,x
b_mondragone,greek,,Sinouessa,,,,,,,,,,,x
b_mondragone,roman,,Sinuessa,,,,,,,,,,,x
c_alife,PROV1106,,Alife,,,,,,,,,,,x
c_alife,c_alife,,,,,,,,,,,,,x
c_alife,c_alife_adj,,Alifano,,,,,,,,,,,x
c_alife,greek,,Alliphai,,,,,,,,,,,x
c_alife,roman,,Allifae,,,,,,,,,,,x
b_alife,b_alife,,Alife,,,,,,,,,,,x
b_alife,b_alife_adj,,,,,,,,,,,,,x
b_alife,greek,,Alliphai,,,,,,,,,,,x
b_alife,roman,,Allifae,,,,,,,,,,,x
b_puglianello,b_puglianello,,Pullianellu,,,,,,,,,,,x
b_puglianello,b_puglianello_adj,,,,,,,,,,,,,x
b_gioiasannitica,b_gioiasannitica,,Gioia Sannitica,,,,,,,,,,,x
b_gioiasannitica,b_gioiasannitica_adj,,,,,,,,,,,,,x
c_sangermano,PROV1318,,Aquino,,,,,,,,,,,x
c_sangermano,c_sangermano,,,,,,,,,,,,,x
c_sangermano,c_sangermano_adj,,Aquinate,,,,,,,,,,,x
c_sangermano,greek,,Akoúinon,,,,,,,,,,,x
c_sangermano,roman,,Aquinum,,,,,,,,,,,x
b_montecassino,b_montecassino,,Abbazia di Montecassino,,,,,,,,,,,x
b_montecassino,b_montecassino_adj,,,,,,,,,,,,,x
b_aquino,b_aquino,,Aquino,,,,,,,,,,,x
b_aquino,b_aquino_adj,,,,,,,,,,,,,x
b_aquino,greek,,Akoúinon,,,,,,,,,,,x
b_aquino,roman,,Aquinum,,,,,,,,,,,x
b_pontecorvo,b_pontecorvo,,Pontecorvo,,,,,,,,,,,x
b_pontecorvo,b_pontecorvo_adj,,,,,,,,,,,,,x
c_gaeta,PROV1105,,Gaeta,,,,,,,,,,,x
c_gaeta,c_gaeta,,,,,,,,,,,,,x
c_gaeta,c_gaeta_adj,,Gaetano,,,,,,,,,,,x
c_gaeta,greek,,Kaiete,,,,,,,,,,,x
c_gaeta,roman,,Caieta,,,,,,,,,,,x
c_gaeta,name_tier,,duke,,,,,,,,,,,x
b_gaeta,b_gaeta,,Gaeta,,,,,,,,,,,x
b_gaeta,b_gaeta_adj,,,,,,,,,,,,,x
b_gaeta,greek,,Kaiete,,,,,,,,,,,x
b_gaeta,roman,,Caieta,,,,,,,,,,,x
b_fondi,b_fondi,,Fondi,,,,,,,,,,,x
b_fondi,b_fondi_adj,,,,,,,,,,,,,x
b_fondi,greek,,Phoundoi,,,,,,,,,,,x
b_fondi,roman,,Fundi,,,,,,,,,,,x
b_itri,b_itri,,Itri,,,,,,,,,,,x
b_itri,b_itri_adj,,,,,,,,,,,,,x
d_apulia,d_apulia,,Puglia,,,,,,,,,,,x
d_apulia,d_apulia_adj,,Pugliani,,,,,,,,,,,x
d_apulia,greek,,Longobardias,,,,,,,,,,,x
d_apulia,roman,,Apulia et Calabria,,,,,,,,,,,x
c_apulia,PROV347,,Melfi,,,,,,,,,,,x
c_apulia,c_apulia,,,,,,,,,,,,,x
c_apulia,c_apulia_adj,,Apulian,,,,,,,,,,,x
c_apulia,greek,,Potentia,,,,,,,,,,,x
b_melfi,b_melfi,,Melfi,,,,,,,,,,,x
b_melfi,b_melfi_adj,,,,,,,,,,,,,x
b_melfi,greek,,Melpes,,,,,,,,,,,x
b_melfi,roman,,Melpes,,,,,,,,,,,x
b_bovino,b_bovino,,Bovino,,,,,,,,,,,x
b_bovino,b_bovino_adj,,,,,,,,,,,,,x
b_lavello,b_lavello,,Lavello,,,,,,,,,,,x
b_lavello,b_lavello_adj,,,,,,,,,,,,,x
b_lagopesole,b_lagopesole,,Lu Cuastiedd,,,,,,,,,,,x
b_lagopesole,b_lagopesole_adj,,,,,,,,,,,,,x
b_troia,b_troia,,Troia,,,,,,,,,,,x
b_troia,b_troia_adj,,,,,,,,,,,,,x
b_troia,greek,,Aikai,,,,,,,,,,,x
b_potenza,b_potenza,,Putènze,,,,,,,,,,,x
b_potenza,b_potenza_adj,,,,,,,,,,,,,x
b_potenza,greek,,Potentia,,,,,,,,,,,x
c_andria,PROV1111,,Andria,,,,,,,,,,,x
c_andria,c_andria,,,,,,,,,,,,,x
c_andria,c_andria_adj,,Andrian,,,,,,,,,,,x
b_andria,b_andria,,Andrie,,,,,,,,,,,x
b_andria,b_andria_adj,,,,,,,,,,,,,x
b_trani,b_trani,,Tran,,,,,,,,,,,x
b_trani,b_trani_adj,,,,,,,,,,,,,x
b_trani,greek,,Turenum,,,,,,,,,,,x
b_trani,roman,,Turenum,,,,,,,,,,,x
b_spinazzola,b_spinazzola,,Spenazzòle,,,,,,,,,,,x
b_spinazzola,b_spinazzola_adj,,,,,,,,,,,,,x
b_barletta,b_barletta,,Barlétte,,,,,,,,,,,x
b_barletta,b_barletta_adj,,,,,,,,,,,,,x
b_barletta,greek,,Bardulos,,,,,,,,,,,x
b_barletta,roman,,Barulum,,,,,,,,,,,x
c_foggia,PROV348,,Monte Sant'Angelo,,,,,,,,,,,x
c_foggia,c_foggia,,,,,,,,,,,,,x
c_foggia,c_foggia_adj,,Foggian,,,,,,,,,,,x
c_foggia,greek,,Sepius,,,,,,,,,,,x
c_foggia,roman,,Sipontum,,,,,,,,,,,x
b_foggia,b_foggia,,Fogge,,,,,,,,,,,x
b_foggia,b_foggia_adj,,,,,,,,,,,,,x
b_foggia,greek,,Argyrippa,,,,,,,,,,,x
b_siponto,b_siponto,,Siponto,,,,,,,,,,,x
b_siponto,b_siponto_adj,,,,,,,,,,,,,x
b_siponto,greek,,Sepius,,,,,,,,,,,x
b_siponto,roman,,Sipontum,,,,,,,,,,,x
b_lucera,b_lucera,,Lucer,,,,,,,,,,,x
b_lucera,b_lucera_adj,,,,,,,,,,,,,x
b_lucera,greek,,Lukeria,,,,,,,,,,,x
b_lucera,roman,,Luceria,,,,,,,,,,,x
b_montesantangelo,b_montesantangelo,,Monte Sant'Angelo,,,,,,,,,,,x
b_montesantangelo,b_montesantangelo_adj,,,,,,,,,,,,,x
c_bari,PROV346,,Bari,,,,,,,,,,,x
c_bari,c_bari,,,,,,,,,,,,,x
c_bari,c_bari_adj,,Barian,,,,,,,,,,,x
c_bari,greek,,Barion,,,,,,,,,,,x
c_bari,roman,,Barium,,,,,,,,,,,x
b_bari,b_bari,,Bare,,,,,,,,,,,x
b_bari,b_bari_adj,,,,,,,,,,,,,x
b_bari,greek,,Barion,,,,,,,,,,,x
b_bari,roman,,Barium,,,,,,,,,,,x
b_giovinazzo,b_giovinazzo,,Giovinazzo,,,,,,,,,,,x
b_giovinazzo,b_giovinazzo_adj,,,,,,,,,,,,,x
b_giovinazzo,greek,,Natiolum,,,,,,,,,,,x
b_giovinazzo,roman,,Natiolum,,,,,,,,,,,x
b_terlizzi,b_terlizzi,,Terrèzze,,,,,,,,,,,x
b_terlizzi,b_terlizzi_adj,,,,,,,,,,,,,x
c_gravina,PROV1110,,Gravina,,,,,,,,,,,x
c_gravina,c_gravina,,,,,,,,,,,,,x
c_gravina,c_gravina_adj,,Gravinese,,,,,,,,,,,x
c_gravina,greek,,Sìlbion,,,,,,,,,,,x
c_gravina,roman,,Silvium,,,,,,,,,,,x
b_castellaneta,b_castellaneta,,Castelàneet,,,,,,,,,,,x
b_castellaneta,b_castellaneta_adj,,,,,,,,,,,,,x
b_gravina,b_gravina,,Gravèin,,,,,,,,,,,x
b_gravina,b_gravina_adj,,,,,,,,,,,,,x
b_gravina,greek,,Sìlbion,,,,,,,,,,,x
b_gravina,roman,,Silvium,,,,,,,,,,,x
b_castellotramontano,b_castellotramontano,,Castello Tramontano,,,,,,,,,,,x
b_castellotramontano,b_castellotramontano_adj,,,,,,,,,,,,,x
b_matera,b_matera,,Matàërë,,,,,,,,,,,x
b_matera,b_matera_adj,,,,,,,,,,,,,x
d_loritello,d_loritello,,Loritello,,,,,,,,,,,x
d_loritello,d_loritello_adj,,Loritellan,,,,,,,,,,,x
d_loritello,name_tier,,count,,,,,,,,,,,x
c_larino,PROV1108,,Larino,,,,,,,,,,,x
c_larino,c_larino,,,,,,,,,,,,,x
c_larino,c_larino_adj,,Larinese,,,,,,,,,,,x
c_larino,greek,,Larinon,,,,,,,,,,,x
c_larino,roman,,Larinum,,,,,,,,,,,x
b_sannicandro,b_sannicandro,,Sant' L'càndr,,,,,,,,,,,x
b_sannicandro,b_sannicandro_adj,,,,,,,,,,,,,x
b_termoli,b_termoli,,Tèrml,,,,,,,,,,,x
b_termoli,b_termoli_adj,,,,,,,,,,,,,x
b_termoli,greek,,Bouka,,,,,,,,,,,x
b_termoli,roman,,Buca,,,,,,,,,,,x
b_larinoloritello,b_larinoloritello,,Larine,,,,,,,,,,,x
b_larinoloritello,b_larinoloritello_adj,,,,,,,,,,,,,x
b_larinoloritello,greek,,Larinon,,,,,,,,,,,x
b_larinoloritello,roman,,Larinum,,,,,,,,,,,x
c_chieti,PROV1109,,Teate,,,,,,,,,,,x
c_chieti,c_chieti,,,,,,,,,,,,,x
c_chieti,c_chieti_adj,,Teatino,,,,,,,,,,,x
c_chieti,greek,,Thegeàte,,,,,,,,,,,x
c_chieti,roman,,Aternum,,,,,,,,,,,x
b_crecchio,b_crecchio,,Crecchio,,,,,,,,,,,x
b_crecchio,b_crecchio_adj,,,,,,,,,,,,,x
b_pescara,b_pescara,,Pescàre,,,,,,,,,,,x
b_pescara,b_pescara_adj,,,,,,,,,,,,,x
b_pescara,greek,,Áternon,,,,,,,,,,,x
b_pescara,roman,,Aternum,,,,,,,,,,,x
b_chieti,b_chieti,,Teate,,,,,,,,,,,x
b_chieti,b_chieti_adj,,,,,,,,,,,,,x
b_chieti,greek,,Thegeàte,,,,,,,,,,,x
b_atri,b_atri,,Atri,,,,,,,,,,,x
b_atri,b_atri_adj,,,,,,,,,,,,,x
b_atri,greek,,Adria,,,,,,,,,,,x
d_tarent,d_tarent,,Principato di Taranto,,,,,,,,,,,x
d_tarent,d_tarent_adj,,Tarantian,,,,,,,,,,,x
d_tarent,short_name,,yes,,,,,,,,,,,x
c_taranto,PROV344,,Taranto,,,,,,,,,,,x
c_taranto,c_taranto,,,,,,,,,,,,,x
c_taranto,c_taranto_adj,,Tarantian,,,,,,,,,,,x
c_taranto,greek,,Taras,,,,,,,,,,,x
c_taranto,roman,,Tarentum,,,,,,,,,,,x
b_taranto,b_taranto,,Tàrde,,,,,,,,,,,x
b_taranto,b_taranto_adj,,,,,,,,,,,,,x
b_taranto,greek,,Taras,,,,,,,,,,,x
b_taranto,roman,,Tarentum,,,,,,,,,,,x
b_mottola,b_mottola,,Motele,,,,,,,,,,,x
b_mottola,b_mottola_adj,,,,,,,,,,,,,x
b_palagiano,b_palagiano,,Pala'scen,,,,,,,,,,,x
b_palagiano,b_palagiano_adj,,,,,,,,,,,,,x
b_nardotarent,b_nardotarent,,Nardó,,,,,,,,,,,x
b_nardotarent,b_nardotarent_adj,,,,,,,,,,,,,x
b_nardotarent,greek,,Naretòn,,,,,,,,,,,x
b_nardotarent,roman,,Neretum,,,,,,,,,,,x
c_lecce,PROV345,,Lecce,,,,,,,,,,,x
c_lecce,c_lecce,,,,,,,,,,,,,x
c_lecce,c_lecce_adj,,Leccian,,,,,,,,,,,x
c_lecce,greek,,Hydrunton,,,,,,,,,,,x
c_lecce,roman,,Hydruntum,,,,,,,,,,,x
b_lecce,b_lecce,,Lecce,,,,,,,,,,,x
b_lecce,b_lecce_adj,,,,,,,,,,,,,x
b_lecce,greek,,Loupíai,,,,,,,,,,,x
b_lecce,roman,,Lupiae,,,,,,,,,,,x
b_otranto,b_otranto,,Utràntu,,,,,,,,,,,x
b_otranto,b_otranto_adj,,,,,,,,,,,,,x
b_otranto,greek,,Hydrunton,,,,,,,,,,,x
b_otranto,roman,,Hydruntum,,,,,,,,,,,x
b_brindisi,b_brindisi,,Brìnnese,,,,,,,,,,,x
b_brindisi,b_brindisi_adj,,,,,,,,,,,,,x
b_brindisi,greek,,Brendesion,,,,,,,,,,,x
b_leuca,b_leuca,,Lèviche,,,,,,,,,,,x
b_leuca,b_leuca_adj,,,,,,,,,,,,,x
b_soleto,b_soleto,,Sulítu,,,,,,,,,,,x
b_soleto,b_soleto_adj,,,,,,,,,,,,,x
c_conversano,PROV1135,,Conversano,,,,,,,,,,,x
c_conversano,c_conversano,,,,,,,,,,,,,x
c_conversano,c_conversano_adj,,Conversanese,,,,,,,,,,,x
c_conversano,greek,,Hyria,,,,,,,,,,,x
b_conversano,b_conversano,,Cunverséne,,,,,,,,,,,x
b_conversano,b_conversano_adj,,,,,,,,,,,,,x
b_conversano,greek,,Norba,,,,,,,,,,,x
b_oria,b_oria,,Oria,,,,,,,,,,,x
b_oria,b_oria_adj,,,,,,,,,,,,,x
b_oria,greek,,Hyria,,,,,,,,,,,x
b_monopoli,b_monopoli,,Menòple,,,,,,,,,,,x
b_monopoli,b_monopoli_adj,,,,,,,,,,,,,x
b_monopoli,greek,,Monòpolis,,,,,,,,,,,x
b_santostefano,b_santostefano,,Utràntu,,,,,,,,,,,x
b_santostefano,b_santostefano_adj,,,,,,,,,,,,,x
d_salerno,d_salerno,,Salerno,,,,,,,,,,,x
d_salerno,d_salerno_adj,,Salernian,,,,,,,,,,,x
d_salerno,greek,,Lukania,,,,,,,,,,,x
c_salerno,PROV336,,Salerno,,,,,,,,,,,x
c_salerno,c_salerno,,,,,,,,,,,,,x
c_salerno,c_salerno_adj,,Salernian,,,,,,,,,,,x
c_salerno,greek,,Salernon,,,,,,,,,,,x
b_salerno,b_salerno,,Saliérno,,,,,,,,,,,x
b_salerno,b_salerno_adj,,,,,,,,,,,,,x
b_salerno,greek,,Salernon,,,,,,,,,,,x
b_acenzera,b_acenzera,,Acerenza,,,,,,,,,,,x
b_acenzera,b_acenzera_adj,,,,,,,,,,,,,x
b_acerno,b_acerno,,Acierno,,,,,,,,,,,x
b_acerno,b_acerno_adj,,,,,,,,,,,,,x
b_castellodiarechi,b_castellodiarechi,,Castièll 'e Arechi,,,,,,,,,,,x
b_castellodiarechi,b_castellodiarechi_adj,,,,,,,,,,,,,x
b_campagna,b_campagna,,Campagn,,,,,,,,,,,x
b_campagna,b_campagna_adj,,,,,,,,,,,,,x
c_marsico,PROV937,,Marsico,,,,,,,,,,,x
c_marsico,c_marsico,,,,,,,,,,,,,x
c_marsico,c_marsico_adj,,Marsicano,,,,,,,,,,,x
b_caggiano,b_caggiano,,Caggiano,,,,,,,,,,,x
b_caggiano,b_caggiano_adj,,,,,,,,,,,,,x
b_marsico,b_marsico,,Marsico,,,,,,,,,,,x
b_marsico,b_marsico_adj,,,,,,,,,,,,,x
b_castellodicastrocucco,b_castellodicastrocucco,,Castello di Castrocucco,,,,,,,,,,,x
b_castellodicastrocucco,b_castellodicastrocucco_adj,,,,,,,,,,,,,x
b_maratea,b_maratea,,Marathia,,,,,,,,,,,x
b_maratea,b_maratea_adj,,,,,,,,,,,,,x
c_amalfi,PROV935,,Amalfi,,,,,,,,,,,x
c_amalfi,c_amalfi,,,,,,,,,,,,,x
c_amalfi,c_amalfi_adj,,Amalfitano,,,,,,,,,,,x
b_amalfi,b_amalfi,,Amalfi,,,,,,,,,,,x
b_amalfi,b_amalfi_adj,,,,,,,,,,,,,x
b_positano,b_positano,,Pusitano,,,,,,,,,,,x
b_positano,b_positano_adj,,,,,,,,,,,,,x
b_sorrento,b_sorrento,,Surriento,,,,,,,,,,,x
b_sorrento,b_sorrento_adj,,,,,,,,,,,,,x
b_sorrento,greek,,Soúrenton,,,,,,,,,,,x
b_sorrento,roman,,Surrentum,,,,,,,,,,,x
d_alvito,d_alvito,,Alvito,,,,,,,,,,,x
d_alvito,d_alvito_adj,,Alvitian,,,,,,,,,,,x
d_alvito,greek,,Samnitis,,,,,,,,,,,x
d_alvito,roman,,Samnium,,,,,,,,,,,x
c_alvito,PROV1114,,Alvito,,,,,,,,,,,x
c_alvito,c_alvito,,,,,,,,,,,,,x
c_alvito,c_alvito_adj,,Alvitano,,,,,,,,,,,x
b_alvitoabruzzo,b_alvitoabruzzo,,Alvito,,,,,,,,,,,x
b_alvitoabruzzo,b_alvitoabruzzo_adj,,,,,,,,,,,,,x
b_balsorano,b_balsorano,,Balzërana,,,,,,,,,,,x
b_balsorano,b_balsorano_adj,,,,,,,,,,,,,x
b_sora,b_sora,,Sora,,,,,,,,,,,x
b_sora,b_sora_adj,,,,,,,,,,,,,x
b_isolaliri,b_isolaliri,,Isola del Liri,,,,,,,,,,,x
b_isolaliri,b_isolaliri_adj,,,,,,,,,,,,,x
c_celano,PROV1132,,Celano,,,,,,,,,,,x
c_celano,c_celano,,,,,,,,,,,,,x
c_celano,c_celano_adj,,Celanese,,,,,,,,,,,x
c_celano,greek,,Caelanum,,,,,,,,,,,x
c_celano,roman,,Caelanum,,,,,,,,,,,x
b_avezzano,b_avezzano,,Avezzane,,,,,,,,,,,x
b_avezzano,b_avezzano_adj,,,,,,,,,,,,,x
b_valvaabruzzo,b_valvaabruzzo,,Valva,,,,,,,,,,,x
b_valvaabruzzo,b_valvaabruzzo_adj,,,,,,,,,,,,,x
b_valvaabruzzo,greek,,Korphinion,,,,,,,,,,,x
b_valvaabruzzo,roman,,Corfinium,,,,,,,,,,,x
b_celano,b_celano,,Celano,,,,,,,,,,,x
b_celano,b_celano_adj,,,,,,,,,,,,,x
b_celano,greek,,Caelanum,,,,,,,,,,,x
b_celano,roman,,Caelanum,,,,,,,,,,,x
b_sulmona,b_sulmona,,Sulmona,,,,,,,,,,,x
b_sulmona,b_sulmona_adj,,,,,,,,,,,,,x
b_sulmona,greek,,Soulmon,,,,,,,,,,,x
b_sulmona,roman,,Sulmo,,,,,,,,,,,x
b_albe,b_albe,,Albe,,,,,,,,,,,x
b_albe,b_albe_adj,,,,,,,,,,,,,x
b_albe,greek,,Alba Phoukentis,,,,,,,,,,,x
b_albe,roman,,Alba Fucensis,,,,,,,,,,,x
c_manopello,PROV1113,,Manopello,,,,,,,,,,,x
c_manopello,c_manopello,,,,,,,,,,,,,x
c_manopello,c_manopello_adj,,Lettese,,,,,,,,,,,x
b_manopello,b_manopello,,Manoppello,,,,,,,,,,,x
b_manopello,b_manopello_adj,,,,,,,,,,,,,x
b_civitaluparella,b_civitaluparella,,Civitaluparella,,,,,,,,,,,x
b_civitaluparella,b_civitaluparella_adj,,,,,,,,,,,,,x
d_calabria,d_calabria,,Calabria,,,,,,,,,,,x
d_calabria,d_calabria_adj,,Calabrian,,,,,,,,,,,x
d_calabria,greek,,Kalavrias,,,,,,,,,,,x
d_calabria,roman,,Lucania et Brutii,,,,,,,,,,,x
c_consenza,PROV337,,Tarsia,,,,,,,,,,,x
c_consenza,c_consenza,,,,,,,,,,,,,x
c_consenza,c_consenza_adj,,Catanzaron,,,,,,,,,,,x
c_consenza,greek,,Konsentia,,,,,,,,,,,x
c_consenza,roman,,Consentia,,,,,,,,,,,x
b_cosenza,b_cosenza,,Cusenza,,,,,,,,,,,x
b_cosenza,b_cosenza_adj,,,,,,,,,,,,,x
b_cosenza,greek,,Konsentia,,,,,,,,,,,x
b_cosenza,roman,,Consentia,,,,,,,,,,,x
b_malvito,b_malvito,,Marvitu,,,,,,,,,,,x
b_malvito,b_malvito_adj,,,,,,,,,,,,,x
b_tarsia_calabria,b_tarsia_calabria,,Tarsia,,,,,,,,,,,x
b_tarsia_calabria,b_tarsia_calabria_adj,,,,,,,,,,,,,x
b_tarsia_calabria,greek,,Tarsos,,,,,,,,,,,x
c_catanzaro,PROV1136,,Catanzaro,,,,,,,,,,,x
c_catanzaro,c_catanzaro,,,,,,,,,,,,,x
c_catanzaro,c_catanzaro_adj,,Catanzarese,,,,,,,,,,,x
c_catanzaro,greek,,Kroton,,,,,,,,,,,x
c_catanzaro,roman,,Croton,,,,,,,,,,,x
b_caccuri,b_caccuri,,Caccuri,,,,,,,,,,,x
b_caccuri,b_caccuri_adj,,,,,,,,,,,,,x
b_rossano,b_rossano,,Russanu,,,,,,,,,,,x
b_rossano,b_rossano_adj,,,,,,,,,,,,,x
b_rossano,greek,,Rusiànon,,,,,,,,,,,x
b_squillace,b_squillace,,Schidaci,,,,,,,,,,,x
b_squillace,b_squillace_adj,,,,,,,,,,,,,x
b_squillace,greek,,Skyllition,,,,,,,,,,,x
b_squillace,roman,,Scylletium,,,,,,,,,,,x
b_catanzaro,b_catanzaro,,Catanzaru,,,,,,,,,,,x
b_catanzaro,b_catanzaro_adj,,,,,,,,,,,,,x
b_catanzaro,greek,,Kroton,,,,,,,,,,,x
b_catanzaro,roman,,Croton,,,,,,,,,,,x
c_reggio,PROV338,,Gerace,,,,,,,,,,,x
c_reggio,c_reggio,,,,,,,,,,,,,x
c_reggio,c_reggio_adj,,Reggioian,,,,,,,,,,,x
c_reggio,greek,,Rhegion,,,,,,,,,,,x
c_reggio,roman,,Rhegium,,,,,,,,,,,x
b_reggio,b_reggio,,Riggiu,,,,,,,,,,,x
b_reggio,b_reggio_adj,,,,,,,,,,,,,x
b_reggio,greek,,Rhegion,,,,,,,,,,,x
b_reggio,roman,,Rhegium,,,,,,,,,,,x
b_mileto,b_mileto,,Milìtu,,,,,,,,,,,x
b_mileto,b_mileto_adj,,,,,,,,,,,,,x
b_mileto,greek,,Miletos,,,,,,,,,,,x
b_mileto,roman,,Miletus,,,,,,,,,,,x
b_nicotera,b_nicotera,,Nicotra,,,,,,,,,,,x
b_nicotera,b_nicotera_adj,,,,,,,,,,,,,x
b_bova,b_bova,,Bova,,,,,,,,,,,x
b_bova,b_bova_adj,,,,,,,,,,,,,x
b_gerace,b_gerace,,Jeraci,,,,,,,,,,,x
b_gerace,b_gerace_adj,,,,,,,,,,,,,x
b_gerace,greek,,Gerakion,,,,,,,,,,,x
d_sicily,d_sicily,,Sicilia,,,,,,,,,,,x
d_sicily,d_sicily_adj,,Siciliani,,,,,,,,,,,x
d_sicily,andalusian_arabic,,Siqilliyah,,,,,,,,,,,x
d_sicily,bedouin_arabic,,Siqilliyah,,,,,,,,,,,x
d_sicily,egyptian_arabic,,Siqilliyah,,,,,,,,,,,x
d_sicily,greek,,Sikelias,,,,,,,,,,,x
d_sicily,levantine_arabic,,Siqilliyah,,,,,,,,,,,x
d_sicily,maghreb_arabic,,Siqilliyah,,,,,,,,,,,x
d_sicily,sicilian_arabic,,Siqilliyah,,,,,,,,,,,x
d_sicily,name_tier,,count,,,,,,,,,,,x
c_palermo,PROV340,,Palermu,,,,,,,,,,,x
c_palermo,c_palermo,,,,,,,,,,,,,x
c_palermo,c_palermo_adj,,Palermian,,,,,,,,,,,x
c_palermo,andalusian_arabic,,Balharm,,,,,,,,,,,x
c_palermo,bedouin_arabic,,Balharm,,,,,,,,,,,x
c_palermo,egyptian_arabic,,Balharm,,,,,,,,,,,x
c_palermo,greek,,Panormos,,,,,,,,,,,x
c_palermo,levantine_arabic,,Balharm,,,,,,,,,,,x
c_palermo,maghreb_arabic,,Balharm,,,,,,,,,,,x
c_palermo,sicilian_arabic,,Balharm,,,,,,,,,,,x
b_palermo,b_palermo,,Palermu,,,,,,,,,,,x
b_palermo,b_palermo_adj,,,,,,,,,,,,,x
b_palermo,andalusian_arabic,,Balharm,,,,,,,,,,,x
b_palermo,bedouin_arabic,,Balharm,,,,,,,,,,,x
b_palermo,egyptian_arabic,,Balharm,,,,,,,,,,,x
b_palermo,greek,,Panormos,,,,,,,,,,,x
b_palermo,levantine_arabic,,Balharm,,,,,,,,,,,x
b_palermo,maghreb_arabic,,Balharm,,,,,,,,,,,x
b_palermo,sicilian_arabic,,Balharm,,,,,,,,,,,x
b_cefalu,b_cefalu,,Cifalù,,,,,,,,,,,x
b_cefalu,b_cefalu_adj,,,,,,,,,,,,,x
b_cefalu,greek,,Kefaloídion,,,,,,,,,,,x
b_cefalu,roman,,Cephaloedium,,,,,,,,,,,x
b_monreale,b_monreale,,Murriali,,,,,,,,,,,x
b_monreale,b_monreale_adj,,,,,,,,,,,,,x
b_gratteri,b_gratteri,,Ratteri,,,,,,,,,,,x
b_gratteri,b_gratteri_adj,,,,,,,,,,,,,x
b_misilmeri,b_misilmeri,,Musulumeli,,,,,,,,,,,x
b_misilmeri,b_misilmeri_adj,,,,,,,,,,,,,x
b_mistretta,b_mistretta,,Mistritta,,,,,,,,,,,x
b_mistretta,b_mistretta_adj,,,,,,,,,,,,,x
b_mistretta,greek,,Amestratos,,,,,,,,,,,x
b_mistretta,roman,,Amestratus,,,,,,,,,,,x
b_campofelicedifitalia,b_campofelicedifitalia,,Cifalà Diana,,,,,,,,,,,x
b_campofelicedifitalia,b_campofelicedifitalia_adj,,,,,,,,,,,,,x
c_messina,PROV339,,Messina,,,,,,,,,,,x
c_messina,c_messina,,,,,,,,,,,,,x
c_messina,c_messina_adj,,Messinian,,,,,,,,,,,x
c_messina,andalusian_arabic,,Massinah,,,,,,,,,,,x
c_messina,bedouin_arabic,,Massinah,,,,,,,,,,,x
c_messina,egyptian_arabic,,Massinah,,,,,,,,,,,x
c_messina,greek,,Messene,,,,,,,,,,,x
c_messina,levantine_arabic,,Massinah,,,,,,,,,,,x
c_messina,maghreb_arabic,,Massinah,,,,,,,,,,,x
c_messina,sicilian_arabic,,Massinah,,,,,,,,,,,x
b_messina,b_messina,,Missina,,,,,,,,,,,x
b_messina,b_messina_adj,,,,,,,,,,,,,x
b_messina,andalusian_arabic,,Massinah,,,,,,,,,,,x
b_messina,bedouin_arabic,,Massinah,,,,,,,,,,,x
b_messina,egyptian_arabic,,Massinah,,,,,,,,,,,x
b_messina,greek,,Messene,,,,,,,,,,,x
b_messina,levantine_arabic,,Massinah,,,,,,,,,,,x
b_messina,maghreb_arabic,,Massinah,,,,,,,,,,,x
b_messina,sicilian_arabic,,Massinah,,,,,,,,,,,x
b_lipari,b_lipari,,Lìpari,,,,,,,,,,,x
b_lipari,b_lipari_adj,,,,,,,,,,,,,x
b_lipari,andalusian_arabic,,Libar,,,,,,,,,,,x
b_lipari,bedouin_arabic,,Libar,,,,,,,,,,,x
b_lipari,egyptian_arabic,,Libar,,,,,,,,,,,x
b_lipari,levantine_arabic,,Libar,,,,,,,,,,,x
b_lipari,maghreb_arabic,,Libar,,,,,,,,,,,x
b_lipari,sicilian_arabic,,Libar,,,,,,,,,,,x
b_taormina,b_taormina,,Taurmina,,,,,,,,,,,x
b_taormina,b_taormina_adj,,,,,,,,,,,,,x
b_taormina,andalusian_arabic,,Mu'izziyyah,,,,,,,,,,,x
b_taormina,bedouin_arabic,,Mu'izziyyah,,,,,,,,,,,x
b_taormina,egyptian_arabic,,Mu'izziyyah,,,,,,,,,,,x
b_taormina,greek,,Tauromenion,,,,,,,,,,,x
b_taormina,levantine_arabic,,Mu'izziyyah,,,,,,,,,,,x
b_taormina,maghreb_arabic,,Mu'izziyyah,,,,,,,,,,,x
b_taormina,sicilian_arabic,,Mu'izziyyah,,,,,,,,,,,x
b_milazzu,b_milazzu,,Milazzu,,,,,,,,,,,x
b_milazzu,b_milazzu_adj,,,,,,,,,,,,,x
b_munforti,b_munforti,,Munfotti,,,,,,,,,,,x
b_munforti,b_munforti_adj,,,,,,,,,,,,,x
c_enna,PROV1134,,Castru Jani,,,,,,,,,,,x
c_enna,c_enna,,,,,,,,,,,,,x
c_enna,c_enna_adj,,Ennese,,,,,,,,,,,x
b_gagghianu,b_gagghianu,,Gagghianu,,,,,,,,,,,x
b_gagghianu,b_gagghianu_adj,,,,,,,,,,,,,x
b_troinia,b_troinia,,Traina,,,,,,,,,,,x
b_troinia,b_troinia_adj,,,,,,,,,,,,,x
b_castrojanni,b_castrojanni,,Castru,,,,,,,,,,,x
b_castrojanni,b_castrojanni_adj,,,,,,,,,,,,,x
c_siracusa,PROV343,,Sarausa,,,,,,,,,,,x
c_siracusa,c_siracusa,,,,,,,,,,,,,x
c_siracusa,c_siracusa_adj,,Siracusian,,,,,,,,,,,x
c_siracusa,andalusian_arabic,,Siraqusah,,,,,,,,,,,x
c_siracusa,bedouin_arabic,,Siraqusah,,,,,,,,,,,x
c_siracusa,egyptian_arabic,,Siraqusah,,,,,,,,,,,x
c_siracusa,greek,,Syrakousai,,,,,,,,,,,x
c_siracusa,levantine_arabic,,Siraqusah,,,,,,,,,,,x
c_siracusa,maghreb_arabic,,Siraqusah,,,,,,,,,,,x
c_siracusa,sicilian_arabic,,Siraqusah,,,,,,,,,,,x
b_syracusa,b_syracusa,,Sarausa,,,,,,,,,,,x
b_syracusa,b_syracusa_adj,,,,,,,,,,,,,x
b_syracusa,andalusian_arabic,,Siraqusah,,,,,,,,,,,x
b_syracusa,bedouin_arabic,,Siraqusah,,,,,,,,,,,x
b_syracusa,egyptian_arabic,,Siraqusah,,,,,,,,,,,x
b_syracusa,greek,,Syrakousai,,,,,,,,,,,x
b_syracusa,levantine_arabic,,Siraqusah,,,,,,,,,,,x
b_syracusa,maghreb_arabic,,Siraqusah,,,,,,,,,,,x
b_syracusa,sicilian_arabic,,Siraqusah,,,,,,,,,,,x
b_catania,b_catania,,Catania,,,,,,,,,,,x
b_catania,b_catania_adj,,,,,,,,,,,,,x
b_catania,andalusian_arabic,,Qataniyah,,,,,,,,,,,x
b_catania,bedouin_arabic,,Qataniyah,,,,,,,,,,,x
b_catania,egyptian_arabic,,Qataniyah,,,,,,,,,,,x
b_catania,greek,,Katane,,,,,,,,,,,x
b_catania,levantine_arabic,,Qataniyah,,,,,,,,,,,x
b_catania,maghreb_arabic,,Qataniyah,,,,,,,,,,,x
b_catania,sicilian_arabic,,Qataniyah,,,,,,,,,,,x
b_lentini,b_lentini,,Lentini,,,,,,,,,,,x
b_lentini,b_lentini_adj,,,,,,,,,,,,,x
b_lentini,greek,,Leontinoi,,,,,,,,,,,x
b_paterno,b_paterno,,Patennò,,,,,,,,,,,x
b_paterno,b_paterno_adj,,,,,,,,,,,,,x
b_centuripe,b_centuripe,,Centuorbi,,,,,,,,,,,x
b_centuripe,b_centuripe_adj,,,,,,,,,,,,,x
b_manicace,b_manicace,,Maniàci,,,,,,,,,,,x
b_manicace,b_manicace_adj,,,,,,,,,,,,,x
c_modica,PROV1126,,Muòrica,,,,,,,,,,,x
c_modica,c_modica,,,,,,,,,,,,,x
c_modica,c_modica_adj,,Modicano,,,,,,,,,,,x
b_noto,b_noto,,Notu,,,,,,,,,,,x
b_noto,b_noto_adj,,,,,,,,,,,,,x
b_noto,greek,,Neaition,,,,,,,,,,,x
b_chiramontesicily,b_chiramontesicily,,Muntichiaru,,,,,,,,,,,x
b_chiramontesicily,b_chiramontesicily_adj,,,,,,,,,,,,,x
b_caltagirone,b_caltagirone,,Caltaggiruni,,,,,,,,,,,x
b_caltagirone,b_caltagirone_adj,,,,,,,,,,,,,x
b_modica,b_modica,,Muòrica,,,,,,,,,,,x
b_modica,b_modica_adj,,,,,,,,,,,,,x
b_modica,greek,,Mutyce,,,,,,,,,,,x
b_modica,roman,,Mutyce,,,,,,,,,,,x
b_ragusasicily,b_ragusasicily,,Raùsa,,,,,,,,,,,x
b_ragusasicily,b_ragusasicily_adj,,,,,,,,,,,,,x
b_ragusasicily,greek,,Hybla Heraia,,,,,,,,,,,x
b_ragusasicily,roman,,Hybla Heraea,,,,,,,,,,,x
b_ucannni,b_ucannni,,U Canni,,,,,,,,,,,x
b_ucannni,b_ucannni_adj,,,,,,,,,,,,,x
c_agrigento,PROV342,,Girgenti,,,,,,,,,,,x
c_agrigento,c_agrigento,,,,,,,,,,,,,x
c_agrigento,c_agrigento_adj,,Girgentian,,,,,,,,,,,x
c_agrigento,andalusian_arabic,,Kerkent,,,,,,,,,,,x
c_agrigento,bedouin_arabic,,Kerkent,,,,,,,,,,,x
c_agrigento,egyptian_arabic,,Kerkent,,,,,,,,,,,x
c_agrigento,greek,,Akragas,,,,,,,,,,,x
c_agrigento,levantine_arabic,,Kerkent,,,,,,,,,,,x
c_agrigento,maghreb_arabic,,Kerkent,,,,,,,,,,,x
b_agricento,b_agricento,,Girgenti,,,,,,,,,,,x
b_agricento,b_agricento_adj,,,,,,,,,,,,,x
b_agricento,andalusian_arabic,,Kerkent,,,,,,,,,,,x
b_agricento,bedouin_arabic,,Kerkent,,,,,,,,,,,x
b_agricento,egyptian_arabic,,Kerkent,,,,,,,,,,,x
b_agricento,greek,,Akragas,,,,,,,,,,,x
b_agricento,levantine_arabic,,Kerkent,,,,,,,,,,,x
b_agricento,maghreb_arabic,,Kerkent,,,,,,,,,,,x
b_canicatti,b_canicatti,,Caniattì,,,,,,,,,,,x
b_canicatti,b_canicatti_adj,,,,,,,,,,,,,x
b_castellodiluna,b_castellodiluna,,Casteddu Luna,,,,,,,,,,,x
b_castellodiluna,b_castellodiluna_adj,,,,,,,,,,,,,x
b_sciacca,b_sciacca,,Sciacca,,,,,,,,,,,x
b_sciacca,b_sciacca_adj,,,,,,,,,,,,,x
b_sciacca,greek,,Thermai,,,,,,,,,,,x
b_sciacca,roman,,Thermae Selinuntinae,,,,,,,,,,,x
c_trapani,PROV341,,Tràpani,,,,,,,,,,,x
c_trapani,c_trapani,,,,,,,,,,,,,x
c_trapani,c_trapani_adj,,Trapanian,,,,,,,,,,,x
c_trapani,andalusian_arabic,,Mazar,,,,,,,,,,,x
c_trapani,bedouin_arabic,,Mazar,,,,,,,,,,,x
c_trapani,egyptian_arabic,,Mazar,,,,,,,,,,,x
c_trapani,greek,,Drepanon,,,,,,,,,,,x
c_trapani,levantine_arabic,,Mazar,,,,,,,,,,,x
c_trapani,maghreb_arabic,,Mazar,,,,,,,,,,,x
b_trapani,b_trapani,,Tràpani,,,,,,,,,,,x
b_trapani,b_trapani_adj,,,,,,,,,,,,,x
b_trapani,greek,,Drepanon,,,,,,,,,,,x
b_trapani,roman,,Drepanum,,,,,,,,,,,x
b_mazara,b_mazara,,Mazzara,,,,,,,,,,,x
b_mazara,b_mazara_adj,,,,,,,,,,,,,x
b_mazara,andalusian_arabic,,Mazar,,,,,,,,,,,x
b_mazara,bedouin_arabic,,Mazar,,,,,,,,,,,x
b_mazara,egyptian_arabic,,Mazar,,,,,,,,,,,x
b_mazara,levantine_arabic,,Mazar,,,,,,,,,,,x
b_mazara,maghreb_arabic,,Mazar,,,,,,,,,,,x
b_erice,b_erice,,Èrici,,,,,,,,,,,x
b_erice,b_erice_adj,,,,,,,,,,,,,x
b_erice,greek,,Eryx,,,,,,,,,,,x
b_marsala,b_marsala,,Maissala,,,,,,,,,,,x
b_marsala,b_marsala_adj,,,,,,,,,,,,,x
b_marsala,greek,,Lilybaion,,,,,,,,,,,x
b_marsala,roman,,Lilybaeum,,,,,,,,,,,x
b_partanna,b_partanna,,Partanna,,,,,,,,,,,x
b_partanna,b_partanna_adj,,,,,,,,,,,,,x
c_malta,PROV812,,Malta,,,,,,,,,,,x
c_malta,c_malta,,,,,,,,,,,,,x
c_malta,c_malta_adj,,Maltese,,,,,,,,,,,x
b_mdina,b_mdina,,Mdina,,,,,,,,,,,x
b_mdina,b_mdina_adj,,,,,,,,,,,,,x
b_mdina,greek,,Melitta,,,,,,,,,,,x
b_mdina,italian,,Citta Vecchia,,,,,,,,,,,x
b_sliema,b_sliema,,Tas-Sliema,,,,,,,,,,,x
b_sliema,b_sliema_adj,,,,,,,,,,,,,x
b_sanpawl,b_sanpawl,,Il-Gzejjer ta'San Pawl,,,,,,,,,,,x
b_sanpawl,b_sanpawl_adj,,,,,,,,,,,,,x
b_sanpawl,italian,,San Paolo,,,,,,,,,,,x
b_gozo,b_gozo,,Ghawdex,,,,,,,,,,,x
b_gozo,b_gozo_adj,,,,,,,,,,,,,x
b_gozo,andalusian_arabic,,Ghawdesh,,,,,,,,,,,x
b_gozo,bedouin_arabic,,Ghawdesh,,,,,,,,,,,x
b_gozo,egyptian_arabic,,Ghawdesh,,,,,,,,,,,x
b_gozo,greek,,Ogygia,,,,,,,,,,,x
b_gozo,levantine_arabic,,Ghawdesh,,,,,,,,,,,x
b_gozo,maghreb_arabic,,Ghawdesh,,,,,,,,,,,x
k_venice,k_venice,,Venezia,,,,,,,,,,,x
k_venice,k_venice_adj,,Veneti,,,,,,,,,,,x
d_venice,d_venice,,Venezia,,,,,,,,,,,x
d_venice,d_venice_adj,,Veneto,,,,,,,,,,,x
c_venezia,PROV356,,Venezia,,,,,,,,,,,x
c_venezia,c_venezia,,,,,,,,,,,,,x
c_venezia,c_venezia_adj,,Venezian,,,,,,,,,,,x
b_venezia,b_venezia,,Venexia,,,,,,,,,,,x
b_venezia,b_venezia_adj,,,,,,,,,,,,,x
b_rialto,b_rialto,,Rialto,,,,,,,,,,,x
b_rialto,b_rialto_adj,,,,,,,,,,,,,x
b_pallestrina,b_pallestrina,,Pallestrina,,,,,,,,,,,x
b_pallestrina,b_pallestrina_adj,,,,,,,,,,,,,x
b_chioggia,b_chioggia,,Cióxa,,,,,,,,,,,x
b_chioggia,b_chioggia_adj,,,,,,,,,,,,,x
b_jesolo,b_jesolo,,Gèxolo,,,,,,,,,,,x
b_jesolo,b_jesolo_adj,,,,,,,,,,,,,x
b_murano,b_murano,,Muran,,,,,,,,,,,x
b_murano,b_murano_adj,,,,,,,,,,,,,x
b_torcello,b_torcello,,Torcelo,,,,,,,,,,,x
b_torcello,b_torcello_adj,,,,,,,,,,,,,x
