#TITLE,KEY,VALUE,SWMH
k_egypt,k_egypt,,Misr
k_egypt,k_egypt_adj,,Misri
k_egypt,coptic,,Khemi
k_egypt,greek,,Aigyptos
k_egypt,k_egypt_adj_greek,,Aigyptian
k_egypt,roman,,Aegyptus
d_alexandria,d_alexandria,,Iskandariya
d_alexandria,d_alexandria_adj,,Iskandariyi
d_alexandria,coptic,,Rakote
d_alexandria,greek,,Aigyptos
d_alexandria,d_alexandria_adj_greek,,Aigyptian
d_alexandria,roman,,Aegyptus
c_alexandria,PROV802,,Iskandarîya
c_alexandria,c_alexandria_adj,,Iskandarîyî
c_alexandria,coptic,,Rakote
c_alexandria,greek,,Alexandreia
b_alexandria,b_alexandria,,Alexandria
b_alexandria,b_alexandria_adj,,
b_alexandria,greek,,Alexandreia
b_abukir,b_abukir,,Abukir
b_abukir,b_abukir_adj,,
b_abukir,greek,,Kanopos
b_abukir,roman,,Canopus
b_hammam,b_hammam,,Hammám
b_hammam,b_hammam_adj,,
b_marabout,b_marabout,,Marabout
b_marabout,b_marabout_adj,,
b_dukhayla,b_dukhayla,,Dukhayla
b_dukhayla,b_dukhayla_adj,,
c_al_alamayn,PROV804,,Sullum
c_al_alamayn,c_al_alamayn_adj,,Sullumî
c_al_alamayn,greek,,Paraitonion
c_al_alamayn,c_al_alamayn_adj_greek,,Paraitonian
c_al_alamayn,roman,,Paraetonium
b_sollum,b_sollum,,Sullum
b_sollum,b_sollum_adj,,
b_sollum,greek,,Katabathmos Megas
b_sollum,roman,,Catabathmus Maior
b_mersamatruh,b_mersamatruh,,Matruh
b_mersamatruh,b_mersamatruh_adj,,
b_mersamatruh,greek,,Paraitonion
b_mersamatruh,roman,,Paraetonium
c_quattara,PROV803,,Sîwa
c_quattara,c_quattara_adj,,Sîwî
c_quattara,greek,,Ammonion
c_quattara,c_quattara_adj_greek,,Ammonian
c_quattara,roman,,Ammonium
b_siwa,b_siwa,,Siwa
b_siwa,b_siwa_adj,,
b_siwa,greek,,Ammonion
b_siwa,roman,,Ammonium
b_santariya,b_santariya,,Santaríya
b_santariya,b_santariya_adj,,
b_santariya,greek,,Klimax
b_santariya,roman,,Klimax
b_quattara,b_quattara,,Quattara
b_quattara,b_quattara_adj,,
d_damietta,d_damietta,,Dumiyát
d_damietta,d_damietta_adj,,Dumiyátí
d_damietta,greek,,Augustamnike
d_damietta,d_damietta_adj_greek,,Augustamnikan
d_damietta,roman,,Augustamnica
c_gabiyaha,PROV799,,Nastarâwa
c_gabiyaha,c_gabiyaha_adj,,Nastaráwî
c_gabiyaha,central_italian,,Rosetta
c_gabiyaha,c_gabiyaha_adj_central_italian,,Rosettan
c_gabiyaha,coptic,,Rashit
c_gabiyaha,corsican,,Rosetta
c_gabiyaha,c_gabiyaha_adj_corsican,,Rosettan
c_gabiyaha,dalmatian,,Rosetta
c_gabiyaha,c_gabiyaha_adj_dalmatian,,Rosettan
c_gabiyaha,frankish,,Rosette
c_gabiyaha,c_gabiyaha_adj_frankish,,Rosettan
c_gabiyaha,greek,,Bolbitinon
c_gabiyaha,c_gabiyaha_adj_greek,,Bolbitinan
c_gabiyaha,italian,,Rosetta
c_gabiyaha,c_gabiyaha_adj_italian,,Rosettan
c_gabiyaha,ligurian,,Rosetta
c_gabiyaha,c_gabiyaha_adj_ligurian,,Rosettan
c_gabiyaha,neapolitan,,Rosetta
c_gabiyaha,c_gabiyaha_adj_neapolitan,,Rosettan
c_gabiyaha,norman,,Rosette
c_gabiyaha,c_gabiyaha_adj_norman,,Rosettan
c_gabiyaha,roman,,Bolbitinum
c_gabiyaha,sardinian,,Rosetta
c_gabiyaha,c_gabiyaha_adj_sardinian,,Rosettan
c_gabiyaha,sicilian,,Rosetta
c_gabiyaha,c_gabiyaha_adj_sicilian,,Rosettan
c_gabiyaha,southern_italian,,Rosetta
c_gabiyaha,c_gabiyaha_adj_southern_italian,,Rosettan
c_gabiyaha,tuscan,,Rosetta
c_gabiyaha,c_gabiyaha_adj_tuscan,,Rosettan
c_gabiyaha,venetian,,Rosetta
c_gabiyaha,c_gabiyaha_adj_venetian,,Rosettan
b_nastarawa,b_nastarawa,,Nastaráwa
b_nastarawa,b_nastarawa_adj,,
b_burullus,b_burullus,,Burullus
b_burullus,b_burullus_adj,,
b_burullus,greek,,Paralos
b_burullus,roman,,Paralos
b_fuwa,b_fuwa,,Fuwa
b_fuwa,b_fuwa_adj,,
b_fuwa,coptic,,Melej
b_fuwa,greek,,Paua
b_fuwa,roman,,Paua
b_tida,b_tida,,Tida
b_tida,b_tida_adj,,
b_rashid,b_rashid,,Rashíd
b_rashid,b_rashid_adj,,
b_rashid,central_italian,,Rosetta
b_rashid,coptic,,Rashit
b_rashid,corsican,,Rosetta
b_rashid,dalmatian,,Rosetta
b_rashid,frankish,,Rosette
b_rashid,greek,,Bolbitinon
b_rashid,italian,,Rosetta
b_rashid,ligurian,,Rosetta
b_rashid,neapolitan,,Rosetta
b_rashid,norman,,Rosette
b_rashid,roman,,Bolbitinum
b_rashid,sardinian,,Rosetta
b_rashid,sicilian,,Rosetta
b_rashid,southern_italian,,Rosetta
b_rashid,tuscan,,Rosetta
b_rashid,venetian,,Rosetta
b_alshirak,b_alshirak,,al Shirák
b_alshirak,b_alshirak_adj,,
c_delta,PROV798,,Dimyât
c_delta,c_delta_adj,,Dimyátî
c_delta,coptic,,Tamiati
c_delta,greek,,Tamiathis
c_delta,c_delta_adj_greek,,Tamiathian
c_delta,roman,,Tamiathis
b_damietta,b_damietta,,Dumiyát
b_damietta,b_damietta_adj,,
b_damietta,coptic,,Tamiati
b_damietta,greek,,Tamiathis
b_damietta,roman,,Tamiathis
b_mansura,b_mansura,,Mansura
b_mansura,b_mansura_adj,,
b_mansura,coptic,,Paramoni
b_shata,b_shata,,Shata
b_shata,b_shata_adj,,
b_daqahla,b_daqahla,,Daqahla
b_daqahla,b_daqahla_adj,,
c_pelusia,PROV789,,Ushmún Tannâh
c_pelusia,c_pelusia_adj,,Ushmún Tannáhî
c_pelusia,greek,,Thennesos
c_pelusia,c_pelusia_adj_greek,,Thennesian
c_pelusia,roman,,Thennisus
b_ushmuntan,b_ushmuntan,,Ushmúm Tannáh
b_ushmuntan,b_ushmuntan_adj,,
b_ushmuntan,coptic,,Schmoun Erman
b_ushmuntan,greek,,Schmoun Erman
b_ushmuntan,roman,,Schmoun Erman
b_tinis,b_tinis,,Tinnís
b_tinis,b_tinis_adj,,
b_tinis,greek,,Thennesos
b_tinis,roman,,Thennisus
b_faqus,b_faqus,,Fáqús
b_faqus,b_faqus_adj,,
b_faqus,greek,,Phakoussai
b_faqus,roman,,Phakoussae
c_bilbays,PROV1331,,Bilbays
c_bilbays,c_bilbays_adj,,Bilbaysî
c_bilbays,coptic,,Phelbs
c_bilbays,greek,,Bilbeis
c_bilbays,c_bilbays_adj_greek,,Bilbeisi
c_bilbays,roman,,Bilbeis
b_bilbays,b_bilbays,,Bilbays
b_bilbays,b_bilbays_adj,,
b_bilbays,coptic,,Phelbs
b_bilbays,greek,,Bilbeis
b_bilbays,roman,,Bilbeis
b_basta,b_basta,,Basta
b_basta,b_basta_adj,,
b_basta,greek,,Boubastos
b_basta,roman,,Bubastos
b_san_bilbays,b_san_bilbays,,Sán
b_san_bilbays,b_san_bilbays_adj,,
b_san_bilbays,greek,,Tanis
b_san_bilbays,roman,,Tanis
b_abbasiya,b_abbasiya,,al-'Abbásiya
b_abbasiya,b_abbasiya_adj,,
b_banha,b_banha,,Banhá
b_banha,b_banha_adj,,
b_samannud,b_samannud,,Samannúd
b_samannud,b_samannud_adj,,
b_samannud,greek,,Sebennytos
b_samannud,roman,,Sebennytus
d_cairo,d_cairo,,Qáhira
d_cairo,d_cairo_adj,,Qáhirí
d_cairo,greek,,Arkadia
d_cairo,d_cairo_adj_greek,,Arkadian
d_cairo,roman,,Arcadia
c_cairo,PROV796,,Cairo
c_cairo,c_cairo_adj,,Qáhirî
c_cairo,coptic,,Phystaton
c_cairo,greek,,Phystaton
c_cairo,c_cairo_adj_greek,,Phystatian
c_cairo,roman,,Babylon
b_cairo,b_cairo,,al Qáhira
b_cairo,b_cairo_adj,,
b_cairo,coptic,,Kahire
b_cairo,greek,,Babylon
b_cairo,roman,,Babylon
b_fustat,b_fustat,,Fustát
b_fustat,b_fustat_adj,,
b_fustat,coptic,,Phystaton
b_fustat,greek,,Phystaton
b_fustat,roman,,Phystaton
b_qaylub,b_qaylub,,Qalylúb
b_qaylub,b_qaylub_adj,,
b_qaylub,coptic,,On
b_qaylub,greek,,Heliopolis
b_qaylub,roman,,Heliopolis
b_alazhar,b_alazhar,,al Azhar
b_alazhar,b_alazhar_adj,,
b_alazhar,greek,,Kremastá Ekklisía
b_helwan,b_helwan,,Hulwán
b_helwan,b_helwan_adj,,
b_ain_shams,b_ain_shams,,Ain Shams
b_ain_shams,b_ain_shams_adj,,
b_ghayfa,b_ghayfa,,Ghayfá
b_ghayfa,b_ghayfa_adj,,
c_manupura,PROV797,,Manúf
c_manupura,c_manupura_adj,,Manúfî
c_manupura,coptic,,Panaho
c_manupura,greek,,Athribis
c_manupura,c_manupura_adj_greek,,Athriban
c_manupura,roman,,Athribis
b_manuf,b_manuf,,Manúf
b_manuf,b_manuf_adj,,
b_manuf,coptic,,Onufe
b_manuf,greek,,Onouphis
b_manuf,roman,,Onuphis
b_quwaysina,b_quwaysina,,Quwaysiná
b_quwaysina,b_quwaysina_adj,,
b_quwaysina,coptic,,Panaho
b_quwaysina,greek,,Athribis
b_quwaysina,roman,,Athribis
b_ibyar,b_ibyar,,Ibyár
b_ibyar,b_ibyar_adj,,
b_shatanul,b_shatanul,,Shatanúl
b_shatanul,b_shatanul_adj,,
b_almahallah,b_almahallah,,Al-Mahallah
b_almahallah,b_almahallah_adj,,
b_zagazig,b_zagazig,,Zagazig
b_zagazig,b_zagazig_adj,,
c_buhairya,PROV801,,Hawf Gharbî
c_buhairya,c_buhairya_adj,,Hawfî
c_buhairya,coptic,,Timinhor
c_buhairya,greek,,Hermopolis
c_buhairya,c_buhairya_adj_greek,,Hermopolitan
c_buhairya,roman,,Hermopolis
b_damanhur,b_damanhur,,Damanhúr
b_damanhur,b_damanhur_adj,,
b_damanhur,coptic,,Timinhor
b_damanhur,greek,,Hermopolis Mikra
b_damanhur,roman,,Hermopolis Micra
b_ramsis,b_ramsis,,Ramsís
b_ramsis,b_ramsis_adj,,
b_kharibta,b_kharibta,,Kharibtá
b_kharibta,b_kharibta_adj,,
b_kharibta,greek,,Skiathis
b_kharibta,roman,,Scetis
b_qartasa,b_qartasa,,Qartasá
b_qartasa,b_qartasa_adj,,
c_gizeh,PROV800,,Gîza
c_gizeh,c_gizeh_adj,,Gîzî
c_gizeh,greek,,Memphis
c_gizeh,c_gizeh_adj_greek,,Memphian
c_gizeh,roman,,Memphis
b_gizeh,b_gizeh,,Gízeh
b_gizeh,b_gizeh_adj,,
b_gizeh,greek,,Memphis
b_gizeh,roman,,Memphis
b_aburowash,b_aburowash,,Abu Rowash
b_aburowash,b_aburowash_adj,,
b_saqqara,b_saqqara,,Saqqara
b_saqqara,b_saqqara_adj,,
b_saqqara,greek,,Monì tìs Apa Ieremias
b_saqqara,roman,,Serapeum
c_sarqihya,PROV790,,Quzlum
c_sarqihya,c_sarqihya_adj,,Quzlumî
c_sarqihya,greek,,Klysma
c_sarqihya,c_sarqihya_adj_greek,,Klysman
c_sarqihya,roman,,Clysma
b_quzlum,b_quzlum,,Quzlum
b_quzlum,b_quzlum_adj,,
b_quzlum,greek,,Klysma
b_quzlum,roman,,Clysma
b_sarqihya,b_sarqihya,,Sarqihya
b_sarqihya,b_sarqihya_adj,,
b_suez,b_suez,,Suez
b_suez,b_suez_adj,,
c_itfih,PROV1335,,Itfih
c_itfih,c_itfih_adj,,Itfîhî
c_itfih,coptic,,Tpeh
c_itfih,greek,,Aphroditoupolis
c_itfih,c_itfih_adj_greek,,Aphroditoupolitan
c_itfih,roman,,Aphroditopolis
b_itfih,b_itfih,,Itfíh
b_itfih,b_itfih_adj,,
b_itfih,coptic,,Tpeh
b_itfih,greek,,Aphroditoupolis
b_itfih,roman,,Aphroditopolis
b_busir,b_busir,,Búsír
b_busir,b_busir_adj,,
b_busir,greek,,Bousiris
b_busir,roman,,Bousiris
b_lahun,b_lahun,,al Lahún
b_lahun,b_lahun_adj,,
b_lahun,greek,,Ptolemais Hormou
b_lahun,roman,,Ptolemais Hormou
b_alqababt,b_alqababt,,Al-Qababt
b_alqababt,b_alqababt_adj,,
c_bahnasa,PROV1336,,Bahnasa
c_bahnasa,c_bahnasa_adj,,Bahnasî
c_bahnasa,coptic,,Pemdje
c_bahnasa,greek,,Oxyrynchos
c_bahnasa,c_bahnasa_adj_greek,,Oxyrynchan
c_bahnasa,roman,,Oxyrhynchus
b_bahnasa,b_bahnasa,,Al-Bahnasá
b_bahnasa,b_bahnasa_adj,,
b_bahnasa,coptic,,Pemdje
b_bahnasa,greek,,Oxyrynchos
b_bahnasa,roman,,Oxyrhynchus
b_saft,b_saft,,Saft al-Muhallabí
b_saft,b_saft_adj,,
b_alqays,b_alqays,,Al-Qays
b_alqays,b_alqays_adj,,
b_alqays,greek,,Kynopolis
b_alqays,roman,,Cynopolis
b_ansina,b_ansina,,Ansiní
b_ansina,b_ansina_adj,,
b_ahnas,b_ahnas,,Ahnás
b_ahnas,b_ahnas_adj,,
d_alwahat,d_alwahat,,Al Wahát
d_alwahat,d_alwahat_adj,,Al Wahátí
c_kharija,PROV1341,,Kharija
c_kharija,c_kharija_adj,,Khárijî
c_kharija,coptic,,Uhiresi
c_kharija,greek,,Oasis Megas
c_kharija,c_kharija_adj_greek,,Oasis Megan
c_kharija,roman,,Oasis Magna
b_kharija,b_kharija,,Al-Khárija
b_kharija,b_kharija_adj,,
b_kharija,greek,,Hibis
b_kharija,roman,,Hibis
b_alkalamun,b_alkalamun,,Al-Kalamún
b_alkalamun,b_alkalamun_adj,,
b_alkasr,b_alkasr,,Al-Kasr
b_alkasr,b_alkasr_adj,,
c_dakhila,PROV1342,,Dakhila
c_dakhila,c_dakhila_adj,,Dakhîlî
c_dakhila,greek,,Mothis
c_dakhila,c_dakhila_adj_greek,,Mothisan
c_dakhila,roman,,Mothis
b_dakhila,b_dakhila,,Al-Dákhila
b_dakhila,b_dakhila_adj,,
b_dakhila,greek,,Mothis
b_dakhila,roman,,Mothis
b_farfarun,b_farfarun,,Farfárún
b_farfarun,b_farfarun_adj,,
c_bahriya,PROV1343,,Bahriya
c_bahriya,c_bahriya_adj,,Bahrîyî
c_bahriya,greek,,Oasis Mikra
c_bahriya,c_bahriya_adj_greek,,Oasis Mikran
c_bahriya,roman,,Oasis Parva
b_bahriya,b_bahriya,,Al-Báhriya
b_bahriya,b_bahriya_adj,,
b_bahriya,greek,,Oasis Mikra
b_bahriya,roman,,Oasis Parva
c_fayyum,PROV1334,,Fayyum
c_fayyum,c_fayyum_adj,,Fayyúmî
c_fayyum,coptic,,Peiom
c_fayyum,greek,,Arsinoë
c_fayyum,c_fayyum_adj_greek,,Arsinoan
c_fayyum,roman,,Arsinoë
b_fayyum,b_fayyum,,Al-Fayyúm
b_fayyum,b_fayyum_adj,,
b_fayyum,coptic,,Peiom
b_fayyum,greek,,Arsinoë
b_fayyum,roman,,Arsinoë
b_fidaymin,b_fidaymin,,Fidaymín
b_fidaymin,b_fidaymin_adj,,
b_iqna,b_iqna,,Iqná
b_iqna,b_iqna_adj,,
d_aswan,d_aswan,,Al-Sa'íd
d_aswan,d_aswan_adj,,Al-Sa'ídí
d_aswan,greek,,Thebaïs
d_aswan,d_aswan_adj_greek,,Thebaïan
d_aswan,roman,,Thebais
c_quena,PROV791,,Qusayr
c_quena,c_quena_adj,,Qusayrî
c_quena,greek,,Myos Hormos
c_quena,c_quena_adj_greek,,Myos Horman
c_quena,roman,,Myos Hormos
b_quena,b_quena,,Quena
b_quena,b_quena_adj,,
b_kosseir,b_kosseir,,Qusayr
b_kosseir,b_kosseir_adj,,
b_kosseir,greek,,Myos Hormos
b_kosseir,roman,,Myos Hormos
b_abughusun,b_abughusun,,Abu Ghusun
b_abughusun,b_abughusun_adj,,
c_manfalut,PROV1337,,Manfalut
c_manfalut,c_manfalut_adj,,Manfalútî
c_manfalut,coptic,,Manbalot
c_manfalut,greek,,Manbalot
c_manfalut,c_manfalut_adj_greek,,Manbalotan
c_manfalut,roman,,Manbalot
b_manfalut,b_manfalut,,Manfalút
b_manfalut,b_manfalut_adj,,
b_manfalut,coptic,,Manbalot
b_manfalut,greek,,Manbalot
b_manfalut,roman,,Manbalot
b_qusqam,b_qusqam,,Qús Qám
b_qusqam,b_qusqam_adj,,
b_ushmun,b_ushmun,,Al-Ushmún
b_ushmun,b_ushmun_adj,,
b_ushmun,greek,,Hermopolis Megas
b_ushmun,roman,,Hermopolis Magna
c_ikhmin,PROV1339,,Ikhmin
c_ikhmin,c_ikhmin_adj,,Ikhmînî
c_ikhmin,coptic,,Shmin
c_ikhmin,greek,,Panopolis
c_ikhmin,c_ikhmin_adj_greek,,Panopolitan
c_ikhmin,roman,,Panopolis
b_ikhmin,b_ikhmin,,Ikhmín
b_ikhmin,b_ikhmin_adj,,
b_ikhmin,coptic,,Shmin
b_ikhmin,greek,,Panopolis
b_ikhmin,roman,,Panopolis
b_hu,b_hu,,Hú
b_hu,b_hu_adj,,
b_hu,greek,,Diospolis Mikra
b_hu,roman,,Diospolis Micra
b_bulyana,b_bulyana,,Bulyána
b_bulyana,b_bulyana_adj,,
c_qus,PROV1340,,Qus
c_qus,c_qus_adj,,Qúsî
c_qus,coptic,,Ne
c_qus,greek,,Thebai
c_qus,c_qus_adj_greek,,Thebaian
c_qus,roman,,Thebae
b_qus,b_qus,,Qús
b_qus,b_qus_adj,,
b_qus,greek,,Apollinopolis Mikra
b_qus,roman,,Apollonopolis Parva
b_qina,b_qina,,Qiná
b_qina,b_qina_adj,,
b_qina,coptic,,Kone
b_qina,greek,,Kaine
b_qina,roman,,Kaine
b_luxor,b_luxor,,Al-Uqsur
b_luxor,b_luxor_adj,,
b_luxor,coptic,,Ne
b_luxor,greek,,Thebai
b_luxor,roman,,Thebae
b_dandara,b_dandara,,Dandará
b_dandara,b_dandara_adj,,
b_dandara,greek,,Tentyris
b_dandara,roman,,Tentyris
b_quft,b_quft,,Qift
b_quft,b_quft_adj,,
b_quft,greek,,Iustinianopolis
b_quft,roman,,Coptos
b_faw,b_faw,,Fáw
b_faw,b_faw_adj,,
c_asyut,PROV795,,Asyut
c_asyut,c_asyut_adj,,Asyútî
c_asyut,coptic,,Siout
c_asyut,greek,,Lykopolis
c_asyut,c_asyut_adj_greek,,Lykopolitan
c_asyut,roman,,Lycopolis
b_asyut,b_asyut,,Asyút
b_asyut,b_asyut_adj,,
b_asyut,coptic,,Siout
b_asyut,greek,,Lykopolis
b_asyut,roman,,Lycopolis
b_shutb,b_shutb,,Shutb
b_shutb,b_shutb_adj,,
b_shutb,greek,,Hypsele
b_shutb,roman,,Hypsele
b_butij,b_butij,,Bútíj
b_butij,b_butij_adj,,
b_butij,greek,,Apotheke
b_butij,roman,,Apotheke
b_bawit,b_bawit,,Bawít
b_bawit,b_bawit_adj,,
c_aswan,PROV794,,Aswan
c_aswan,c_aswan_adj,,Aswánî
c_aswan,coptic,,Suan
c_aswan,greek,,Syene
c_aswan,c_aswan_adj_greek,,Syenan
c_aswan,roman,,Syene
b_aswan,b_aswan,,Aswán
b_aswan,b_aswan_adj,,
b_aswan,coptic,,Suan
b_aswan,greek,,Syene
b_aswan,roman,,Syene
b_udfu,b_udfu,,Udfú
b_udfu,b_udfu_adj,,
b_udfu,greek,,Apollinopolis Megas
b_udfu,roman,,Apollonopolis Magna
b_armant,b_armant,,Armant
b_armant,b_armant_adj,,
b_armant,greek,,Hermonthis
b_armant,roman,,Hermonthis
b_isna,b_isna,,Isná
b_isna,b_isna_adj,,
d_cyrenaica,d_cyrenaica,,Barqa
d_cyrenaica,d_cyrenaica_adj,,Barqí
d_cyrenaica,greek,,Libya Pentapolis
d_cyrenaica,d_cyrenaica_adj_greek,,Lybia Pentapolitan
d_cyrenaica,roman,,Libya Pentapolis
c_senoussi,PROV807,,Awjîla
c_senoussi,c_senoussi_adj,,Awjîlî
c_senoussi,greek,,Augila
c_senoussi,c_senoussi_adj_greek,,Augilan
c_senoussi,roman,,Augila
b_awjila,b_awjila,,Awjíla
b_awjila,b_awjila_adj,,
b_awjila,greek,,Augila
b_awjila,roman,,Augila
b_jalu,b_jalu,,Jalu
b_jalu,b_jalu_adj,,
b_arzakiya,b_arzakiya,,Arzakíya
b_arzakiya,b_arzakiya_adj,,
c_ajadabiya,PROV1345,,Adjadabiya
c_ajadabiya,c_ajadabiya_adj,,Ajadabîyî
c_ajadabiya,greek,,Corniclanum
c_ajadabiya,c_ajadabiya_adj_greek,,Corniclanian
c_ajadabiya,roman,,Corniclanum
b_ajdabiya,b_ajdabiya,,Ajadabíya
b_ajdabiya,b_ajdabiya_adj,,
b_ajdabiya,greek,,Corniclanum
b_ajdabiya,roman,,Corniclanum
b_alaghaila,b_alaghaila,,Al-Aghaila
b_alaghaila,b_alaghaila_adj,,
b_alaghaila,greek,,Anabucis
b_alaghaila,roman,,Anabucis
c_benghazi,PROV808,,Barqa
c_benghazi,c_benghazi_adj,,Barqî
c_benghazi,greek,,Kyrene
c_benghazi,c_benghazi_adj_greek,,Kyrenian
c_benghazi,roman,,Cyrene
b_barca,b_barca,,Barqa
b_barca,b_barca_adj,,
b_barca,greek,,Barke
b_barca,roman,,Barca
b_benghazi,b_benghazi,,Benghází
b_benghazi,b_benghazi_adj,,
b_benghazi,greek,,Berenike
b_benghazi,roman,,Berenice
b_oriana,b_oriana,,Oriána
b_oriana,b_oriana_adj,,
b_oriana,greek,,Kyrene
b_oriana,roman,,Cyrene
b_baydabenghazi,b_baydabenghazi,,Baydá
b_baydabenghazi,b_baydabenghazi_adj,,
b_baydabenghazi,greek,,Balagrae
b_baydabenghazi,roman,,Balagrae
b_tulmaytath,b_tulmaytath,,Tulmaytath
b_tulmaytath,b_tulmaytath_adj,,
b_tulmaytath,greek,,Ptolemais
b_tulmaytath,roman,,Ptolemais
c_tobruk,PROV805,,Tubrúk
c_tobruk,c_tobruk_adj,,Tobrúkî
c_tobruk,greek,,Antipyrgos
c_tobruk,c_tobruk_adj_greek,,Antipyrgian
c_tobruk,roman,,Antipyrgus
b_tobruk,b_tobruk,,Tobruk
b_tobruk,b_tobruk_adj,,
b_tobruk,greek,,Antipyrgos
b_tobruk,roman,,Antipyrgus
b_derna,b_derna,,Derna
b_derna,b_derna_adj,,
b_derna,greek,,Darnis
b_derna,roman,,Darnis
b_lakka,b_lakka,,Lakka
b_lakka,b_lakka_adj,,
b_bardia,b_bardia,,Bardíya
b_bardia,b_bardia_adj,,
b_bardia,greek,,Petras Megas
b_bardia,roman,,Petras Maior
e_africa,e_africa,,Africa
e_africa,e_africa_adj,,African
k_africa,k_africa,,Ifriqiya
k_africa,k_africa_adj,,Ifriqi
k_africa,greek,,Africae
k_africa,k_africa_adj_greek,,Africaian
k_africa,roman,,Africae
k_africa,k_africa_adj_roman,,Africaian
d_tunis,d_tunis,,Ifriqiya
d_tunis,d_tunis_adj,,Ifriqi
d_tunis,greek,,Africa Proconsularis
d_tunis,d_tunis_adj_greek,,Africa Proconsularan
d_tunis,roman,,Africa Proconsularis
d_tunis,d_tunis_adj_roman,,Africa Proconsularan
c_tunis,PROV817,,Tunis
c_tunis,c_tunis_adj,,Túnisî
c_tunis,c_tunis_adj_andalusian_arabic,,Qartajan
c_tunis,c_tunis_adj_bedouin_arabic,,Qartajan
c_tunis,c_tunis_adj_egyptian_arabic,,Qartajan
c_tunis,greek,,Karchedon
c_tunis,c_tunis_adj_greek,,Carthaginian
c_tunis,c_tunis_adj_levantine_arabic,,Qartajan
c_tunis,c_tunis_adj_maghreb_arabic,,Qartajan
c_tunis,c_tunis_adj_masmuda,,Kartajeni
c_tunis,roman,,Carthago
c_tunis,c_tunis_adj_roman,,Carthaginian
c_tunis,c_tunis_adj_sanhaja,,Kartajeni
c_tunis,c_tunis_adj_sicilian_arabic,,Qartajan
c_tunis,c_tunis_adj_tagelmust,,Kartajeni
c_tunis,c_tunis_adj_tuareg,,Kartajeni
c_tunis,c_tunis_adj_zanata,,Kartajeni
b_tunis,b_tunis,,Tunis
b_tunis,b_tunis_adj,,
b_tunis,masmuda,,Tunes
b_tunis,sanhaja,,Tunes
b_tunis,tagelmust,,Tunes
b_tunis,tuareg,,Tunes
b_tunis,zanata,,Tunes
b_membressa,b_membressa,,Membressa
b_membressa,b_membressa_adj,,
b_cartaghe,b_cartaghe,,Carthage
b_cartaghe,b_cartaghe_adj,,
b_cartaghe,andalusian_arabic,,Qartaj
b_cartaghe,bedouin_arabic,,Qartaj
b_cartaghe,egyptian_arabic,,Qartaj
b_cartaghe,greek,,Karchedon
b_cartaghe,levantine_arabic,,Qartaj
b_cartaghe,maghreb_arabic,,Qartaj
b_cartaghe,masmuda,,Kartajen
b_cartaghe,roman,,Carthago
b_cartaghe,sanhaja,,Kartajen
b_cartaghe,sicilian_arabic,,Qartaj
b_cartaghe,tagelmust,,Kartajen
b_cartaghe,tuareg,,Kartajen
b_cartaghe,zanata,,Kartajen
b_zaghouan,b_zaghouan,,Zaghwan
b_zaghouan,b_zaghouan_adj,,
b_zaghouan,greek,,Thuburbo Maius
b_zaghouan,roman,,Thuburbo Maius
b_hammamet,b_hammamet,,Hammamet
b_hammamet,b_hammamet_adj,,
b_hammamet,greek,,Pupput
b_hammamet,roman,,Pupput
c_medjerda,PROV818,,Súsa
c_medjerda,c_medjerda_adj,,Súsî
c_medjerda,greek,,Hadrumetum
c_medjerda,c_medjerda_adj_greek,,Hadrumetan
c_medjerda,roman,,Hadrumetum
c_medjerda,c_medjerda_adj_roman,,Hadrumetan
b_monastir,b_monastir,,Múnastir
b_monastir,b_monastir_adj,,
b_monastir,greek,,Ruspina
b_monastir,roman,,Ruspina
b_sousse,b_sousse,,Sous
b_sousse,b_sousse_adj,,
b_sousse,greek,,Hadrumetum
b_sousse,roman,,Hadrumetum
b_siliana,b_siliana,,Siliana
b_siliana,b_siliana_adj,,
c_bizerte,PROV819,,Banzart
c_bizerte,c_bizerte_adj,,Banzartî
c_bizerte,greek,,Hippo Diarrhytos
c_bizerte,c_bizerte_adj_greek,,Hippo Diarrhytan
c_bizerte,roman,,Hippo Diarrhytus
c_bizerte,c_bizerte_adj_roman,,Hippo Diarrhytan
b_bizerte,b_bizerte,,Banzart
b_bizerte,b_bizerte_adj,,
b_bizerte,greek,,Hippo Diarrhytos
b_bizerte,roman,,Hippo Diarrhytus
b_tunbeja,b_tunbeja,,Tunbeja
b_tunbeja,b_tunbeja_adj,,
b_tunbeja,greek,,Ouaga
b_tunbeja,roman,,Vaga
b_tabarqa,b_tabarqa,,Tabarqa
b_tabarqa,b_tabarqa_adj,,
b_tabarqa,greek,,Thabraka
b_tabarqa,roman,,Thabraca
b_marsaalkharaz,b_marsaalkharaz,,Marsa al-Kharaz
b_marsaalkharaz,b_marsaalkharaz_adj,,
c_kairwan,PROV815,,Kairwan
c_kairwan,c_kairwan_adj,,Kairawánî
c_kairwan,greek,,Thysdrus
c_kairwan,c_kairwan_adj_greek,,Thysdrian
c_kairwan,roman,,Thysdrus
c_kairwan,c_kairwan_adj_roman,,Thysdrian
b_kairouan,b_kairouan,,Kairawán
b_kairouan,b_kairouan_adj,,
b_kairouan,greek,,Kamounia
b_kairouan,roman,,Kamounia
b_alabbasiyaifr,b_alabbasiyaifr,,Al-Abbásíya
b_alabbasiyaifr,b_alabbasiyaifr_adj,,
b_alabbasiyaifr,greek,,Thysdros
b_alabbasiyaifr,roman,,Thysdrus
b_rakkada,b_rakkada,,Rakkáda
b_rakkada,b_rakkada_adj,,
b_rakkada,greek,,Iubaltiana
b_rakkada,roman,,Iubaltiana
b_sabiba,b_sabiba,,Sabíba
b_sabiba,b_sabiba_adj,,
b_sabiba,greek,,Sufes
b_sabiba,roman,,Sufes
b_eljem,b_eljem,,El Jem
b_eljem,b_eljem_adj,,
b_eljem,greek,,Aquae Regiae
b_eljem,roman,,Aquae Regiae
b_subaytila,b_subaytila,,Subaytíla
b_subaytila,b_subaytila_adj,,
c_sfax,PROV1353,,Sfax
c_sfax,c_sfax_adj,,Sufáksî
c_sfax,greek,,Thapsus
c_sfax,c_sfax_adj_greek,,Thapsian
c_sfax,roman,,Thapsus
c_sfax,c_sfax_adj_roman,,Thapsian
b_sfax,b_sfax,,Sufákis
b_sfax,b_sfax_adj,,
b_sfax,greek,,Taparura
b_sfax,roman,,Taparura
b_mahdia,b_mahdia,,Mahdíya
b_mahdia,b_mahdia_adj,,
b_mahdia,greek,,Thapsos
b_mahdia,roman,,Thapsus
b_haydaran,b_haydaran,,Haydarán
b_haydaran,b_haydaran_adj,,
b_slakta,b_slakta,,Slakta
b_slakta,b_slakta_adj,,
b_slakta,greek,,Sullecthum
b_slakta,roman,,Sullecthum
b_alhamma,b_alhamma,,Al-Hamma
b_alhamma,b_alhamma_adj,,
b_alhamma,greek,,Thaenae
b_alhamma,roman,,Thaenae
d_qamuda,d_qamuda,,Qamuda
d_qamuda,d_qamuda_adj,,Qamudi
d_qamuda,greek,,Byzacena
d_qamuda,d_qamuda_adj_greek,,Byzacenan
d_qamuda,roman,,Byzacena
d_qamuda,d_qamuda_adj_roman,,Byzacenan
c_gabes,PROV814,,Gabes
c_gabes,c_gabes_adj,,Qábisî
c_gabes,greek,,Tacape
c_gabes,c_gabes_adj_greek,,Tacapian
c_gabes,roman,,Tacapae
c_gabes,c_gabes_adj_roman,,Tacapaian
b_haddej,b_haddej,,Haddej
b_haddej,b_haddej_adj,,
b_haddej,greek,,Bezereos
b_haddej,roman,,Bezereos
b_gabes,b_gabes,,Gábis
b_gabes,b_gabes_adj,,
b_gabes,greek,,Tacape
b_gabes,roman,,Tacapae
b_tataouine,b_tataouine,,Tataouine
b_tataouine,b_tataouine_adj,,
b_tataouine,greek,,Tabalati
b_tataouine,roman,,Tabalati
b_medenine,b_medenine,,Medenine
b_medenine,b_medenine_adj,,
b_medenine,greek,,Zitha
b_medenine,roman,,Zitha
b_jarjis,b_jarjis,,Jarjís
b_jarjis,b_jarjis_adj,,
b_jarjis,greek,,Gergis
b_jarjis,roman,,Gergis
b_steftimi,b_steftimi,,Steftimi
b_steftimi,b_steftimi_adj,,
c_djerba,PROV813,,Djerba
c_djerba,c_djerba_adj,,Djerbî
c_djerba,greek,,Girba
c_djerba,c_djerba_adj_greek,,Girban
c_djerba,roman,,Girba
c_djerba,c_djerba_adj_roman,,Girban
b_houmtsouk,b_houmtsouk,,Houmtsouk
b_houmtsouk,b_houmtsouk_adj,,
b_houmtsouk,greek,,Girba
b_houmtsouk,roman,,Girba
b_midoun,b_midoun,,Mudoun
b_midoun,b_midoun_adj,,
b_ajim,b_ajim,,Ajim
b_ajim,b_ajim_adj,,
b_ajim,greek,,Tipasa
b_ajim,roman,,Tipasa
c_nafzawa,PROV1351,,Jerid
c_nafzawa,c_nafzawa_adj,,Nafzáwî
c_nafzawa,greek,,Nepte
c_nafzawa,c_nafzawa_adj_greek,,Neptian
c_nafzawa,roman,,Nepte
c_nafzawa,c_nafzawa_adj_roman,,Neptian
b_nafta,b_nafta,,Nafta
b_nafta,b_nafta_adj,,
b_nafta,greek,,Nepte
b_nafta,roman,,Nepte
b_alqalah,b_alqalah,,Al-Qala
b_alqalah,b_alqalah_adj,,
b_alqalah,greek,,Ad Templum
b_alqalah,roman,,Ad Templum
b_kebili,b_kebili,,Kebili
b_kebili,b_kebili_adj,,
b_kebili,greek,,Turris Tamalleni
b_kebili,roman,,Turris Tamalleni
b_souf,b_souf,,Souf
b_souf,b_souf_adj,,
c_qashtiliya,PROV1352,,Qashtiliya
c_qashtiliya,c_qashtiliya_adj,,Qashtilîyî
c_qashtiliya,greek,,Capsa
c_qashtiliya,c_qashtiliya_adj_greek,,Capsian
c_qashtiliya,roman,,Capsa
c_qashtiliya,c_qashtiliya_adj_roman,,Capsian
b_qamuda,b_qamuda,,Qamúda
b_qamuda,b_qamuda_adj,,
b_qamuda,greek,,Thelepte
b_qamuda,roman,,Thelepte
b_qafsa,b_qafsa,,Qafsa
b_qafsa,b_qafsa_adj,,
b_qafsa,greek,,Capsa
b_qafsa,roman,,Capsa
b_tazwir,b_tazwir,,Tazwír
b_tazwir,b_tazwir_adj,,
b_tazwir,greek,,Thusuros
b_tazwir,roman,,Thusuros
d_tripolitania,d_tripolitania,,Tripolitania
d_tripolitania,d_tripolitania_adj,,Tripolitani
c_tripolitana,PROV811,,Tripolitana
c_tripolitana,c_tripolitana_adj,,Tarábulsî
b_libtripoli,b_libtripoli,,Tripolis
b_libtripoli,b_libtripoli_adj,,
b_libtripoli,greek,,Oea
b_libtripoli,roman,,Oea
b_sabratah,b_sabratah,,Sabartah
b_sabratah,b_sabratah_adj,,
b_nalut,b_nalut,,Nalut
b_nalut,b_nalut_adj,,
b_nalut,greek,,Tabuinati
b_nalut,roman,,Tabuinati
b_baniwaled,b_baniwaled,,Baní Walíd
b_baniwaled,b_baniwaled_adj,,
b_baniwaled,greek,,Assaria
b_baniwaled,roman,,Assaria
c_leptis_magna,PROV810,,Leptis Magna
c_leptis_magna,c_leptis_magna_adj,,Misrátî
c_leptis_magna,bedouin_arabic,,Labda
c_leptis_magna,egyptian_arabic,,Labda
c_leptis_magna,greek,,Lepcis Magna
c_leptis_magna,c_leptis_magna_adj_greek,,Lepcis Magnan
c_leptis_magna,levantine_arabic,,Labda
c_leptis_magna,maghreb_arabic,,Labda
c_leptis_magna,roman,,Lepcis Magna
c_leptis_magna,c_leptis_magna_adj_roman,,Lepcis Magnan
b_misratah,b_misratah,,Misurátah
b_misratah,b_misratah_adj,,
b_misratah,greek,,Thubactis
b_misratah,roman,,Thubactis
b_alhasun,b_alhasun,,Al-Hasún
b_alhasun,b_alhasun_adj,,
c_syrte,PROV809,,Syrte
c_syrte,c_syrte_adj,,Surtî
c_syrte,greek,,Macomades
c_syrte,c_syrte_adj_greek,,Macomadian
c_syrte,roman,,Macomades
c_syrte,c_syrte_adj_roman,,Macomadian
b_syrte,b_syrte,,Syrte
b_syrte,b_syrte_adj,,
b_syrte,greek,,Macomades
b_syrte,roman,,Macomades
b_abuhadi,b_abuhadi,,Abu Hadi
b_abuhadi,b_abuhadi_adj,,
b_assultan,b_assultan,,As Sultan
b_assultan,b_assultan_adj,,
c_zawiya,PROV1349,,Zawiya
c_zawiya,c_zawiya_adj,,Zawîyî
c_zawiya,greek,,Abrotonon
c_zawiya,c_zawiya_adj_greek,,Abrotonan
c_zawiya,roman,,Abrotonum
c_zawiya,c_zawiya_adj_roman,,Abrotonan
b_zawiya,b_zawiya,,Zawíya
b_zawiya,b_zawiya_adj,,
b_zawiya,greek,,Pontos
b_zawiya,roman,,Pontes
b_sabrata,b_sabrata,,Sabrata
b_sabrata,b_sabrata_adj,,
b_sabrata,greek,,Abrotonon
b_sabrata,roman,,Abrotonum
b_zuwara,b_zuwara,,Zuwara
b_zuwara,b_zuwara_adj,,
b_zuwara,greek,,Villa Aniciorum
b_zuwara,roman,,Villa Aniciorum
b_surman,b_surman,,Surman
b_surman,b_surman_adj,,
d_kabylia,d_kabylia,,Kabylia
d_kabylia,d_kabylia_adj,,Kabyli
d_kabylia,greek,,Numidia Cirtensis
d_kabylia,d_kabylia_adj_greek,,Numidia Cirtensian
d_kabylia,roman,,Numidia Cirtensis
d_kabylia,d_kabylia_adj_roman,,Numidia Cirtensian
c_beni_yanni,PROV825,,Jîjil
c_beni_yanni,c_beni_yanni_adj,,Jijîlî
c_beni_yanni,greek,,Igilgili
c_beni_yanni,c_beni_yanni_adj_greek,,Igilgilan
c_beni_yanni,roman,,Igilgili
c_beni_yanni,c_beni_yanni_adj_roman,,Igilgilan
b_jijel,b_jijel,,Jijáíl
b_jijel,b_jijel_adj,,
b_jijel,greek,,Igilgili
b_jijel,roman,,Igilgili
b_tigzirt,b_tigzirt,,Tigzirt
b_tigzirt,b_tigzirt_adj,,
b_bujima,b_bujima,,Bujima
b_bujima,b_bujima_adj,,
c_constantine,PROV821,,Qustantiniyya
c_constantine,c_constantine_adj,,Kustantînî
c_constantine,greek,,Cirta
c_constantine,c_constantine_adj_greek,,Cirtan
c_constantine,roman,,Cirta
c_constantine,c_constantine_adj_roman,,Cirtan
b_constantine,b_constantine,,Qustantína
b_constantine,b_constantine_adj,,
b_constantine,greek,,Cirta
b_constantine,roman,,Cirta
b_elkhroub,b_elkhroub,,El Khroub
b_elkhroub,b_elkhroub_adj,,
b_elkhroub,greek,,Tiddis
b_elkhroub,roman,,Tiddis
b_guerrah,b_guerrah,,Guerrah
b_guerrah,b_guerrah_adj,,
c_bejaija,PROV822,,Bidjâya
c_bejaija,c_bejaija_adj,,Bijayî
c_bejaija,greek,,Saldai
c_bejaija,c_bejaija_adj_greek,,Saldaian
c_bejaija,roman,,Saldae
c_bejaija,c_bejaija_adj_roman,,Saldaian
b_bejaija,b_bejaija,,Bidjáya
b_bejaija,b_bejaija_adj,,
b_bejaija,greek,,Saldae
b_bejaija,roman,,Saldae
b_tadallis,b_tadallis,,Tadalilis
b_tadallis,b_tadallis_adj,,
b_tadallis,greek,,Rusuccuru
b_tadallis,roman,,Rusuccuru
b_elbekara,b_elbekara,,El Bekara
b_elbekara,b_elbekara_adj,,
c_annaba,PROV820,,Búna
c_annaba,c_annaba_adj,,Annábî
c_annaba,greek,,Hippo Regius
c_annaba,c_annaba_adj_greek,,Hippo Regian
c_annaba,roman,,Hippo Regius
c_annaba,c_annaba_adj_roman,,Hippo Regian
b_annabah,b_annabah,,Annába
b_annabah,b_annabah_adj,,
b_annabah,greek,,Hippo Regius
b_annabah,roman,,Hippo Regius
b_buna,b_buna,,Búna
b_buna,b_buna_adj,,
b_buna,greek,,Rusicade
b_buna,roman,,Rusicade
b_mila,b_mila,,Mila
b_mila,b_mila_adj,,
b_mila,greek,,Chullu
b_mila,roman,,Chullu
c_setif,PROV1355,,Kabylia
c_setif,c_setif_adj,,Setifî
c_setif,greek,,Setifis
c_setif,c_setif_adj_greek,,Setifisan
c_setif,roman,,Setifis
c_setif,c_setif_adj_roman,,Setifisan
b_setif,b_setif,,Setif
b_setif,b_setif_adj,,
b_setif,greek,,Setifis
b_setif,roman,,Setifis
b_qalatbhammad,b_qalatbhammad,,Qalat Banu Hammád
b_qalatbhammad,b_qalatbhammad_adj,,
b_qalatbhammad,greek,,Cuicul
b_qalatbhammad,roman,,Cuicul
d_zab,d_zab,,Zab
d_zab,d_zab_adj,,Zabi
d_zab,greek,,Numidia Militiana
d_zab,d_zab_adj_greek,,Numidia Militianan
d_zab,roman,,Numidia Militiana
d_zab,d_zab_adj_roman,,Numidia Militianan
c_ouled_nail,PROV828,,Bou Sa'ada
c_ouled_nail,c_ouled_nail_adj,,Bou Saadî
c_ouled_nail,greek,,Dimmidi
c_ouled_nail,c_ouled_nail_adj_greek,,Dimmidan
c_ouled_nail,roman,,Dimmidi
c_ouled_nail,c_ouled_nail_adj_roman,,Dimmidan
b_bousaada,b_bousaada,,Bou Sa'ada
b_bousaada,b_bousaada_adj,,
b_bousaada,greek,,Dimmidi
b_bousaada,roman,,Dimmidi
b_sidiheg,b_sidiheg,,Sidi Heg
b_sidiheg,b_sidiheg_adj,,
b_ainzia,b_ainzia,,Ain Zia
b_ainzia,b_ainzia_adj,,
b_roumana,b_roumana,,Roumana
b_roumana,b_roumana_adj,,
c_biskra,PROV823,,Biskra
c_biskra,c_biskra_adj,,Biskrî
c_biskra,greek,,Vescera
c_biskra,c_biskra_adj_greek,,Vesceran
c_biskra,roman,,Vescera
c_biskra,c_biskra_adj_roman,,Vesceran
b_biskra,b_biskra,,Biskra
b_biskra,b_biskra_adj,,
b_biskra,greek,,Vescera
b_biskra,roman,,Vescera
b_badis,b_badis,,Bádís
b_badis,b_badis_adj,,
b_badis,greek,,Badias
b_badis,roman,,Badias
b_sidiokba,b_sidiokba,,Sidi Ukba
b_sidiokba,b_sidiokba_adj,,
b_sidiokba,greek,,Gemellae
b_sidiokba,roman,,Gemellae
b_nebka,b_nebka,,Nebka
b_nebka,b_nebka_adj,,
b_bigou,b_bigou,,Bigou
b_bigou,b_bigou_adj,,
b_bigou,greek,,Mesarfelta
b_bigou,roman,,Mesarfelta
c_tell_atlas,PROV824,,Tabna
c_tell_atlas,c_tell_atlas_adj,,Masîlî
c_tell_atlas,greek,,Lambaesis
c_tell_atlas,c_tell_atlas_adj_greek,,Lambaesian
c_tell_atlas,roman,,Lambaesis
c_tell_atlas,c_tell_atlas_adj_roman,,Lambaesian
b_masila,b_masila,,Masíla
b_masila,b_masila_adj,,
b_masila,greek,,Lambaesis
b_masila,roman,,Lambaesis
b_tabna,b_tabna,,Tabna
b_tabna,b_tabna_adj,,
b_tabna,greek,,Thubunae
b_tabna,roman,,Thubunae
b_bilizma,b_bilizma,,Bilizma
b_bilizma,b_bilizma_adj,,
b_msila,b_msila,,Msila
b_msila,b_msila_adj,,
b_batna,b_batna,,Batna
b_batna,b_batna_adj,,
c_tabassa,PROV1354,,Tabassa
c_tabassa,c_tabassa_adj,,Tabassî
c_tabassa,greek,,Theveste
c_tabassa,c_tabassa_adj_greek,,Thevestan
c_tabassa,roman,,Theveste
c_tabassa,c_tabassa_adj_roman,,Thevestan
b_tabassa,b_tabassa,,Tabassa
b_tabassa,b_tabassa_adj,,
b_tabassa,greek,,Theveste
b_tabassa,roman,,Theveste
b_khenchela,b_khenchela,,Khanchela
b_khenchela,b_khenchela_adj,,
b_khenchela,greek,,Mascula Tiberia
b_khenchela,roman,,Mascula Tiberia
b_ouenza,b_ouenza,,Ouenza
b_ouenza,b_ouenza_adj,,
c_arigh,PROV1356,,Arigh
c_arigh,c_arigh_adj,,Arîghî
b_arigh,b_arigh,,Arígh
b_arigh,b_arigh_adj,,
k_maghreb,k_maghreb,,Maghreb
k_maghreb,k_maghreb_adj,,Maghrebian
d_alger,d_alger,,Tahart
d_alger,d_alger_adj,,Taharti
d_alger,greek,,Mauretania Caesariensis
d_alger,roman,,Mauretania Caesariensis
c_atlas_mnt,PROV833,,Tâhart
c_atlas_mnt,c_atlas_mnt_adj,,Táhartî
c_atlas_mnt,greek,,Ala Miliaria
c_atlas_mnt,roman,,Ala Miliaria
b_tiaret,b_tiaret,,Atáhart
b_tiaret,b_tiaret_adj,,
b_tiaret,greek,,Tingartia
b_tiaret,roman,,Tingartia
b_qalathuwara,b_qalathuwara,,Qalát Huwara
b_qalathuwara,b_qalathuwara_adj,,
b_qalathuwara,greek,,Ala Miliaria
b_qalathuwara,roman,,Ala Miliaria
b_aflu,b_aflu,,Aflu
b_aflu,b_aflu_adj,,
b_saida,b_saida,,Saída
b_saida,b_saida_adj,,
c_lemdiyya,PROV830,,Achir
c_lemdiyya,c_lemdiyya_adj,,Achirî
c_lemdiyya,greek,,Auzia
c_lemdiyya,roman,,Auzia
b_achir,b_achir,,Achir
b_achir,b_achir_adj,,
b_achir,greek,,Auzia
b_achir,roman,,Auzia
b_djelfa,b_djelfa,,Djelfa
b_djelfa,b_djelfa_adj,,
b_elyourh,b_elyourh,,El-Yourh
b_elyourh,b_elyourh_adj,,
b_selmana,b_selmana,,Selmána
b_selmana,b_selmana_adj,,
c_al_djazair,PROV831,,Al-Jazâir
c_al_djazair,c_al_djazair_adj,,Djazairî
c_al_djazair,greek,,Iol Caesarea
c_al_djazair,roman,,Iol Caesarea
b_algiers,b_algiers,,Al-Jazáir
b_algiers,b_algiers_adj,,
b_algiers,greek,,Ikosion
b_algiers,roman,,Icosium
b_mattija,b_mattija,,Mattíja
b_mattija,b_mattija_adj,,
b_mattija,greek,,Iol Caesarea
b_mattija,roman,,Iol Caesarea
b_miliyana,b_miliyana,,Miliyána
b_miliyana,b_miliyana_adj,,
b_miliyana,greek,,Zucchabar
b_miliyana,roman,,Zucchabar
b_sharashal,b_sharashal,,Sharashal
b_sharashal,b_sharashal_adj,,
b_sharashal,greek,,Tipasa
b_sharashal,roman,,Tipasa
b_elachour,b_elachour,,El-Achour
b_elachour,b_elachour_adj,,
b_elachour,greek,,Rusguniae
b_elachour,roman,,Rusguniae
b_aintorki,b_aintorki,,Ain Torki
b_aintorki,b_aintorki_adj,,
b_blida,b_blida,,Blida
b_blida,b_blida_adj,,
c_snassen,PROV836,,Tanas
c_snassen,c_snassen_adj,,Tanasî
c_snassen,greek,,Cartenna
c_snassen,roman,,Cartenna
b_tanas,b_tanas,,Tanas
b_tanas,b_tanas_adj,,
b_tanas,greek,,Cartenna
b_tanas,roman,,Cartenna
b_sidiakacha,b_sidiakacha,,Sidi Akacha
b_sidiakacha,b_sidiakacha_adj,,
b_tendrara,b_tendrara,,Tendrara
b_tendrara,b_tendrara_adj,,
d_tlemcen,d_tlemcen,,Tilimsan
d_tlemcen,d_tlemcen_adj,,Tilimsani
d_tlemcen,greek,,Mauretania Siga
d_tlemcen,roman,,Mauretania Siga
c_tlemcen,PROV834,,Tilimsân
c_tlemcen,c_tlemcen_adj,,Tilimsánî
b_tlemcen,b_tlemcen,,Tilimsán
b_tlemcen,b_tlemcen_adj,,
b_tlemcen,greek,,Pomaria
b_tlemcen,roman,,Pomaria
b_sidibelabbes,b_sidibelabbes,,Sidi el Abbás
b_sidibelabbes,b_sidibelabbes_adj,,
b_sidibelabbes,greek,,Altava
b_sidibelabbes,roman,,Altava
b_bedrabine,b_bedrabine,,Bedrabine
b_bedrabine,b_bedrabine_adj,,
b_bedrabine,greek,,Numerus Syrorum
b_bedrabine,roman,,Numerus Syrorum
b_oujda,b_oujda,,Wajda
b_oujda,b_oujda_adj,,
b_jerada,b_jerada,,Jerada
b_jerada,b_jerada_adj,,
b_muaskar_thlemcen,b_muaskar_thlemcen,,Muaskar
b_muaskar_thlemcen,b_muaskar_thlemcen_adj,,
b_ainbenimathar,b_ainbenimathar,,Ain Beni Mathar
b_ainbenimathar,b_ainbenimathar_adj,,
b_tessala,b_tessala,,Tessala
b_tessala,b_tessala_adj,,
b_letelagh,b_letelagh,,Le Telagh
b_letelagh,b_letelagh_adj,,
c_orania,PROV832,,Wahrân
c_orania,c_orania_adj,,Wahránî
c_orania,greek,,Siga
c_orania,roman,,Siga
b_oran,b_oran,,Wahrán
b_oran,b_oran_adj,,
b_oran,greek,,Unica Colonia
b_oran,roman,,Unica Colonia
b_arsgul,b_arsgul,,Arsgul
b_arsgul,b_arsgul_adj,,
b_arsgul,greek,,Siga
b_arsgul,roman,,Siga
b_kasribnsinan,b_kasribnsinan,,Kasr ibn Sinan
b_kasribnsinan,b_kasribnsinan_adj,,
b_kasribnsinan,greek,,Albulae
b_kasribnsinan,roman,,Albulae
b_aintemouchent,b_aintemouchent,,Ain Temouchent
b_aintemouchent,b_aintemouchent_adj,,
b_marsafarukh,b_marsafarukh,,Marsa Farúkh
b_marsafarukh,b_marsafarukh_adj,,
b_marsafarukh,greek,,Quiza Cenitana
b_marsafarukh,roman,,Quiza Cenitana
b_maghnia,b_maghnia,,Maghnia
b_maghnia,b_maghnia_adj,,
c_hanyan,PROV835,,Hunayn
c_hanyan,c_hanyan_adj,,Hunaynî
b_hanyan,b_hanyan,,Hunayn
b_hanyan,b_hanyan_adj,,
b_nadruma,b_nadruma,,Nadruma
b_nadruma,b_nadruma_adj,,
d_tangiers,d_tangiers,,Tanja
d_tangiers,d_tangiers_adj,,Tanji
d_tangiers,greek,,Mauretania Tingitana
d_tangiers,roman,,Mauretania Tingitana
c_tangiers,PROV841,,Tandja
c_tangiers,c_tangiers_adj,,Tandjî
c_tangiers,greek,,Tingis
c_tangiers,roman,,Tingis
b_tangiers,b_tangiers,,Tadja
b_tangiers,b_tangiers_adj,,
b_tangiers,greek,,Tingis
b_tangiers,roman,,Tingis
b_asilah,b_asilah,,Asíla
b_asilah,b_asilah_adj,,
b_asilah,greek,,Zilil
b_asilah,roman,,Zilil
b_kasrkutama,b_kasrkutama,,Kasr Kutáma
b_kasrkutama,b_kasrkutama_adj,,
b_kasrkutama,greek,,Oppidum Novum
b_kasrkutama,roman,,Oppidum Novum
b_laraiche,b_laraiche,,Laraiche
b_laraiche,b_laraiche_adj,,
b_laraiche,greek,,Lixus
b_laraiche,roman,,Lixus
c_cebta,PROV839,,Sebta
c_cebta,c_cebta_adj,,Sebtî
c_cebta,greek,,Septem
c_cebta,roman,,Septem
b_cueta,b_cueta,,Sebta
b_cueta,b_cueta_adj,,
b_cueta,greek,,Septem
b_cueta,roman,,Septem
b_tetouan,b_tetouan,,Titáwán
b_tetouan,b_tetouan_adj,,
b_tetouan,greek,,Tamuda
b_tetouan,roman,,Tamuda
b_mdiq,b_mdiq,,Mdiq
b_mdiq,b_mdiq_adj,,
b_martil,b_martil,,Martil
b_martil,b_martil_adj,,
c_nakur,PROV1360,,Nakur
c_nakur,c_nakur_adj,,Nakurî
c_nakur,greek,,Rusaddir
c_nakur,roman,,Rusaddir
b_nakur,b_nakur,,Nákur
b_nakur,b_nakur_adj,,
b_ghumira,b_ghumira,,Ghumíra
b_ghumira,b_ghumira_adj,,
b_melilla,b_melilla,,Malíla
b_melilla,b_melilla_adj,,
b_melilla,greek,,Rusaddir
b_melilla,roman,,Rusaddir
b_midar,b_midar,,Midar
b_midar,b_midar_adj,,
b_alhoceima,b_alhoceima,,Al-Hoceima
b_alhoceima,b_alhoceima_adj,,
b_driouch,b_driouch,,Driouch
b_driouch,b_driouch_adj,,
d_fes,d_fes,,Fas
d_fes,d_fes_adj,,Fasi
d_fes,greek,,Mauretania Volubilis
d_fes,roman,,Mauretania Volubilis
c_fes,PROV840,,Fâs
c_fes,c_fes_adj,,Fásî
c_fes,greek,,Volubilis
c_fes,roman,,Volubilis
b_fes,b_fes,,Fás
b_fes,b_fes_adj,,
b_meknes,b_meknes,,Miknásá
b_meknes,b_meknes_adj,,
b_sefrou,b_sefrou,,Sefrou
b_sefrou,b_sefrou_adj,,
b_walila,b_walila,,Walila
b_walila,b_walila_adj,,
b_walila,greek,,Ouloubilis
b_walila,roman,,Volubilis
b_zerhoun,b_zerhoun,,Zerhoun
b_zerhoun,b_zerhoun_adj,,
b_elhajeb,b_elhajeb,,El-Hajeb
b_elhajeb,b_elhajeb_adj,,
c_infa,PROV842,,Ribât al-Fath
c_infa,c_infa_adj,,Infî
c_infa,greek,,Anfus
c_infa,roman,,Anfus
b_infa,b_infa,,Infa
b_infa,b_infa_adj,,
b_infa,greek,,Anfus
b_infa,roman,,Anfus
b_rabat,b_rabat,,Rabat
b_rabat,b_rabat_adj,,
b_sidirahhal,b_sidirahhal,,Sidi Rahhál
b_sidirahhal,b_sidirahhal_adj,,
c_sa,PROV1358,,Sa
c_sa,c_sa_adj,,Sa'î
b_sa,b_sa,,Sa'
b_sa,b_sa_adj,,
b_debdou,b_debdou,,Debdou
b_debdou,b_debdou_adj,,
b_berkane,b_berkane,,Berkane
b_berkane,b_berkane_adj,,
c_sala,PROV1361,,Sala
c_sala,c_sala_adj,,Salî
c_sala,greek,,Sala Colonia
c_sala,roman,,Sala Colonia
b_sale,b_sale,,Salá
b_sale,b_sale_adj,,
b_sale,greek,,Sala Colonia
b_sale,roman,,Sala Colonia
b_albasra,b_albasra,,Al-Basra
b_albasra,b_albasra_adj,,
c_el_rif,PROV838,,El-Rîf
c_el_rif,c_el_rif_adj,,Rîfî
b_taza,b_taza,,Malíla
b_taza,b_taza_adj,,
b_ketama,b_ketama,,Ketáma
b_ketama,b_ketama_adj,,
b_saka,b_saka,,Saka
b_saka,b_saka_adj,,
d_marrakech,d_marrakech,,Marrakush
d_marrakech,d_marrakech_adj,,Marrakushi
c_marrakech,PROV843,,Marrâkush
c_marrakech,c_marrakech_adj,,Marrákúshî
b_marrakech,b_marrakech,,Marrákush
b_marrakech,b_marrakech_adj,,
b_aghmat,b_aghmat,,Aghmát
b_aghmat,b_aghmat_adj,,
b_naffis,b_naffis,,Naffis
b_naffis,b_naffis_adj,,
b_dai,b_dai,,Daí
b_dai,b_dai_adj,,
b_tasgimut,b_tasgimut,,Tasgimut
b_tasgimut,b_tasgimut_adj,,
b_asni,b_asni,,Asni
b_asni,b_asni_adj,,
c_tharasset,PROV847,,Tarúdant
c_tharasset,c_tharasset_adj,,Tarúdantî
b_taroudaut,b_taroudaut,,Tarudant
b_taroudaut,b_taroudaut_adj,,
b_massa,b_massa,,Massa
b_massa,b_massa_adj,,
b_tinmel,b_tinmel,,Tinmel
b_tinmel,b_tinmel_adj,,
b_igilliz,b_igilliz,,Igílíz
b_igilliz,b_igilliz_adj,,
c_anti-atlas,PROV845,,Tinmallâl
c_anti-atlas,c_anti-atlas_adj,,Tinmallalî
b_agadir,b_agadir,,Agadir
b_agadir,b_agadir_adj,,
b_tinmallal,b_tinmallal,,Tinmallal
b_tinmallal,b_tinmallal_adj,,
b_ribatshakir,b_ribatshakir,,Ribát Shakír
b_ribatshakir,b_ribatshakir_adj,,
b_igiradyatuf,b_igiradyatuf,,Igir ad Yatouf
b_igiradyatuf,b_igiradyatuf_adj,,
c_massat,PROV844,,Asfî
c_massat,c_massat_adj,,Asfî
b_oualidia,b_oualidia,,Walídíya
b_oualidia,b_oualidia_adj,,
b_eljadida,b_eljadida,,El-Jadída
b_eljadida,b_eljadida_adj,,
b_safi,b_safi,,Safi
b_safi,b_safi_adj,,
c_sijilmasa,PROV918,,Sijilmasa
c_sijilmasa,c_sijilmasa_adj,,Sijilmasî
b_sijilmasa,b_sijilmasa,,Sijilmasa
b_sijilmasa,b_sijilmasa_adj,,
b_bechar,b_bechar,,Béchar
b_bechar,b_bechar_adj,,
b_benitajjit,b_benitajjit,,Beni Tajjit
b_benitajjit,b_benitajjit_adj,,
b_boudnib,b_boudnib,,Dboundib
b_boudnib,b_boudnib_adj,,
c_sous,PROV1362,,Tafilalet
c_sous,c_sous_adj,,Sousî
b_thineghir,b_thineghir,,Thinaghir
b_thineghir,b_thineghir_adj,,
b_ouarzazate,b_ouarzazate,,Warzazát
b_ouarzazate,b_ouarzazate_adj,,
b_alnif,b_alnif,,Al-Níf
b_alnif,b_alnif_adj,,
k_mauretania,k_mauretania,,Mauretania
k_mauretania,k_mauretania_adj,,Mauretani
d_draa,d_draa,,Draa
d_draa,d_draa_adj,,Drai
c_draa,PROV1363,,Draa
c_draa,c_draa_adj,,Dra'î
b_tata,b_tata,,Tata
b_tata,b_tata_adj,,
b_wadidraa,b_wadidraa,,Wádí Draa
b_wadidraa,b_wadidraa_adj,,
c_ifni,PROV846,,Ifni
c_ifni,c_ifni_adj,,Ifnî
b_ifni,b_ifni,,Ifní
b_ifni,b_ifni_adj,,
b_nullamta,b_nullamta,,Núl Lamta
b_nullamta,b_nullamta_adj,,
b_guelmim,b_guelmim,,Guelmín
b_guelmim,b_guelmim_adj,,
c_tindouf,PROV1364,,Tindouf
c_tindouf,c_tindouf_adj,,Tundoufî
b_tindouf,b_tindouf,,Tindouf
b_tindouf,b_tindouf_adj,,
d_adrar,d_adrar,,Adrar
d_adrar,d_adrar_adj,,Adrari
c_ouadane,PROV920,,Wadân
c_ouadane,c_ouadane_adj,,Wadánî
b_ouadane,b_ouadane,,Wadán
b_ouadane,b_ouadane_adj,,
b_chinguitti,b_chinguitti,,Chinguitti
b_chinguitti,b_chinguitti_adj,,
b_binklabin,b_binklabin,,Binklabín
b_binklabin,b_binklabin_adj,,
b_tingi,b_tingi,,Tingi
b_tingi,b_tingi_adj,,
b_azuggi,b_azuggi,,Azúkkí
b_azuggi,b_azuggi_adj,,
c_idjil,PROV921,,Idjil
c_idjil,c_idjil_adj,,Idjîlî
b_idjil,b_idjil,,Idjíl
b_idjil,b_idjil_adj,,
c_birumgrein,PROV1367,,Bir um Grein
c_birumgrein,c_birumgrein_adj,,Birumgreinî
b_birumgrein,b_birumgrein,,Bír um-Grein
b_birumgrein,b_birumgrein_adj,,
c_akjoujt,PROV1368,,Amatlus
c_akjoujt,c_akjoujt_adj,,Akjoujtî
b_akjoujt,b_akjoujt,,Akjoujt
b_akjoujt,b_akjoujt_adj,,
d_taghaza,d_taghaza,,Taghaza
d_taghaza,d_taghaza_adj,,Taghazi
c_taghaza,PROV916,,Taghaza
c_taghaza,c_taghaza_adj,,Tagházî
b_taghaza,b_taghaza,,Tagháza
b_taghaza,b_taghaza_adj,,
b_taoudeni,b_taoudeni,,Taoudeni
b_taoudeni,b_taoudeni_adj,,
c_tassarahla,PROV1366,,Tassarahla
c_tassarahla,c_tassarahla_adj,,Tassarahlî
b_tassarahla,b_tassarahla,,Tassarahla
b_tassarahla,b_tassarahla_adj,,
k_canarias,k_canarias,,Canarias
k_canarias,k_canarias_adj,,Canarian
k_canarias,aragonese,,Canarias
k_canarias,basque,,Kanariak
k_canarias,castillan,,Canarias
k_canarias,catalan,,Canarias
k_canarias,galician,,Canárias
k_canarias,leonese,,Canarias
k_canarias,portuguese,,Canárias
k_canarias,zanata,,Kanar
d_canarias,d_canarias,,Canarias
d_canarias,d_canarias_adj,,Canaria
d_canarias,aragonese,,Canarias
d_canarias,basque,,Kanariak
d_canarias,castillan,,Canarias
d_canarias,catalan,,Canarias
d_canarias,galician,,Canárias
d_canarias,leonese,,Canarias
d_canarias,portuguese,,Canárias
d_canarias,zanata,,Kanar
c_tenerife,PROV1365,,Tenerife
c_tenerife,c_tenerife_adj,,Tenerife
c_tenerife,aragonese,,Tenerife
c_tenerife,basque,,Tenerife
c_tenerife,canarian,,Achinet
c_tenerife,castillan,,Tenerife
c_tenerife,catalan,,Tenerife
c_tenerife,galician,,Tenerife
c_tenerife,leonese,,Tenerife
c_tenerife,portuguese,,Tenerife
c_tenerife,zanata,,Ašenšen
c_tenerife,c_tenerife_adj_zanata,,Ašenšen
b_adeje,b_adeje,,Adeje
b_adeje,b_adeje_adj,,
b_taoro,b_taoro,,Taoro
b_taoro,b_taoro_adj,,
b_guimar,b_guimar,,Güimar
b_guimar,b_guimar_adj,,
b_candelaria,b_candelaria,,Candelaria
b_candelaria,b_candelaria_adj,,
c_canarias,PROV849,,Gran Canaria
c_canarias,c_canarias_adj,,Canarian
c_canarias,aragonese,,Gran Canaria
c_canarias,basque,,Kanaria Handia
c_canarias,canarian,,Tamarán
c_canarias,castillan,,Gran Canaria
c_canarias,catalan,,Gran Canaria
c_canarias,galician,,Grã Canária
c_canarias,leonese,,Gran Canaria
c_canarias,portuguese,,Grã Canária
c_canarias,zanata,,Tamãran
b_agaldar,b_agaldar,,Agaldar
b_agaldar,b_agaldar_adj,,
b_telde,b_telde,,Telde
b_telde,b_telde_adj,,
b_aguimes,b_aguimes,,Agüimes
b_aguimes,b_aguimes_adj,,
k_sahara,k_sahara,,Sahara
k_sahara,k_sahara_adj,,Saharan
d_hoggar,d_hoggar,,Hoggar
d_hoggar,d_hoggar_adj,,Hoggari
c_hoggar,PROV1403,,Hoggar
c_hoggar,c_hoggar_adj,,Hoggarî
b_hoggar,b_hoggar,,Hoggar
b_hoggar,b_hoggar_adj,,
b_tamanrasset,b_tamanrasset,,Tamanrasset
b_tamanrasset,b_tamanrasset_adj,,
b_timanissao,b_timanissao,,Timanissao
b_timanissao,b_timanissao_adj,,
c_djanet,PROV1402,,Djanet
c_djanet,c_djanet_adj,,Djanîtî
b_djanet,b_djanet,,Djanet
b_djanet,b_djanet_adj,,
c_ilizi,PROV1380,,Ilîzî
c_ilizi,c_ilizi_adj,,Ilîzî
b_ilizi,b_ilizi,,Ilízí
b_ilizi,b_ilizi_adj,,
d_tuat,d_tuat,,Tuat
d_tuat,d_tuat_adj,,Tuatí
c_figuig,PROV837,,Figuig
c_figuig,c_figuig_adj,,Figuigî
b_figuig,b_figuig,,Figuig
b_figuig,b_figuig_adj,,
c_wallen,PROV1395,,Wallen
c_wallen,c_wallen_adj,,Wallenî
b_wallen,b_wallen,,Wallen
b_wallen,b_wallen_adj,,
b_insalah,b_insalah,,In Salah
b_insalah,b_insalah_adj,,
c_tuat,PROV1396,,Tuat
c_tuat,c_tuat_adj,,Touatî
b_reggane,b_reggane,,Reggane
b_reggane,b_reggane_adj,,
b_timmi,b_timmi,,Timmi
b_timmi,b_timmi_adj,,
b_tamentit,b_tamentit,,Tamentit
b_tamentit,b_tamentit_adj,,
b_tabalbala,b_tabalbala,,Tabalbala
b_tabalbala,b_tabalbala_adj,,
b_bouda,b_bouda,,Bouda
b_bouda,b_bouda_adj,,
c_elgolea,PROV1397,,El Golea
c_elgolea,c_elgolea_adj,,Qulayî
b_elgolea,b_elgolea,,Al -Qulaya
b_elgolea,b_elgolea_adj,,
d_mzab,d_mzab,,Mzab
d_mzab,d_mzab_adj,,Mzabi
d_mzab,greek,,Gaetulia
d_mzab,roman,,Gaetulia
c_mzab,PROV829,,Al-Aghwat
c_mzab,c_mzab_adj,,Mzábî
b_mzab,b_mzab,,Mzab
b_mzab,b_mzab_adj,,
b_noumerat,b_noumerat,,Noumerat
b_noumerat,b_noumerat_adj,,
b_ghardaiya,b_ghardaiya,,Ghardaíya
b_ghardaiya,b_ghardaiya_adj,,
b_tilghemt,b_tilghemt,,Tilghemt
b_tilghemt,b_tilghemt_adj,,
c_wargla,PROV1392,,Wargla
c_wargla,c_wargla_adj,,Warjîlánî
b_ouargla,b_ouargla,,Wargla
b_ouargla,b_ouargla_adj,,
b_tukkurt,b_tukkurt,,Tukkurt
b_tukkurt,b_tukkurt_adj,,
b_sadrata,b_sadrata,,Sadráta
b_sadrata,b_sadrata_adj,,
b_taghyart,b_taghyart,,Taghyart
b_taghyart,b_taghyart_adj,,
b_karima,b_karima,,Karima
b_karima,b_karima_adj,,
c_ghadames,PROV1223,,Ghadamés
c_ghadames,c_ghadames_adj,,Ghadamîsî
c_ghadames,greek,,Cydamus
c_ghadames,roman,,Cydamus
b_ghadames,b_ghadames,,Ghadamés
b_ghadames,b_ghadames_adj,,
b_ghadames,greek,,Cydamus
b_ghadames,roman,,Cydamus
b_daradj,b_daradj,,Daradj
b_daradj,b_daradj_adj,,
d_air,d_air,,Air
d_air,d_air_adj,,Airi
c_agades,PROV1225,,Agadez
c_agades,c_agades_adj,,Agadî
b_agades,b_agades,,Agadés
b_agades,b_agades_adj,,
b_takkeda,b_takkeda,,Takkeda
b_takkeda,b_takkeda_adj,,
b_takarkert,b_takarkert,,Takarkert
b_takarkert,b_takarkert_adj,,
b_maranda,b_maranda,,Maranda
b_maranda,b_maranda_adj,,
c_ainazawa,PROV1401,,Ain Azawa
c_ainazawa,c_ainazawa_adj,,Azáwî
b_azawa,b_azawa,,Ain Azawa
b_azawa,b_azawa_adj,,
k_fezzan,k_fezzan,,Fezzan
k_fezzan,k_fezzan_adj,,Fezzanian
k_fezzan,short_name,,yes
d_fezzan,d_fezzan,,Fezzan
d_fezzan,d_fezzan_adj,,Fezzani
d_fezzan,greek,,Garamantia
d_fezzan,roman,,Garamantia
c_murzuk,PROV1404,,Murzuk
c_murzuk,c_murzuk_adj,,Murzukî
b_murzuk,b_murzuk,,Murzuk
b_murzuk,b_murzuk_adj,,
b_mishtouta,b_mishtouta,,Mishtouta
b_mishtouta,b_mishtouta_adj,,
b_djarma,b_djarma,,Djarma
b_djarma,b_djarma_adj,,
b_dillaim,b_dillaim,,Dillaim
b_dillaim,b_dillaim_adj,,
b_tassawa,b_tassawa,,Tassawa
b_tassawa,b_tassawa_adj,,
b_tamzawa,b_tamzawa,,Tamzáwa
b_tamzawa,b_tamzawa_adj,,
c_ghat,PROV1226,,Ghat
c_ghat,c_ghat_adj,,Ghátî
b_ghat,b_ghat,,Ghát
b_ghat,b_ghat_adj,,
c_nafusa,PROV1398,,Nafusa
c_nafusa,c_nafusa_adj,,Nafúsî
c_nafusa,greek,,Thenteos
c_nafusa,c_nafusa_adj_greek,,Thentean
c_nafusa,roman,,Thenteos
c_nafusa,c_nafusa_adj_roman,,Thentean
b_nafusa,b_nafusa,,Nafúsa
b_nafusa,b_nafusa_adj,,
b_nafusa,greek,,Thenteos
b_nafusa,roman,,Thenteos
b_djadojafran,b_djadojafran,,Djado
b_djadojafran,b_djadojafran_adj,,
b_djadojafran,greek,,Thenadassa
b_djadojafran,roman,,Thenadassa
b_tiri,b_tiri,,Tírí
b_tiri,b_tiri_adj,,
b_jafran,b_jafran,,Jafrán
b_jafran,b_jafran_adj,,
c_waddan,PROV1399,,Waddan
c_waddan,c_waddan_adj,,Waddanî
c_waddan,greek,,Gholaia
c_waddan,roman,,Gholaia
b_waddan,b_waddan,,Waddan
b_waddan,b_waddan_adj,,
b_waddan,greek,,Gholaia
b_waddan,roman,,Gholaia
b_tadjrift,b_tadjrift,,Tadjríft
b_tadjrift,b_tadjrift_adj,,
c_zawila,PROV1405,,Zawila
c_zawila,c_zawila_adj,,Zawîlî
b_zawila,b_zawila,,Zawíla
b_zawila,b_zawila_adj,,
b_sebha,b_sebha,,Sebha
b_sebha,b_sebha_adj,,
b_sebha,greek,,Sabae
b_sebha,roman,,Sabae
b_zalha,b_zalha,,Zalha
b_zalha,b_zalha_adj,,
b_sabab,b_sabab,,Sabáb
b_sabab,b_sabab_adj,,
c_tummo,PROV1408,,Tumma
c_tummo,c_tummo_adj,,Tummî
b_tummo,b_tummo,,Tummo
b_tummo,b_tummo_adj,,
d_tibesti,d_tibesti,,Tibesti
d_tibesti,d_tibesti_adj,,Tibesti
c_roufra,PROV1235,,Koufra
c_roufra,c_roufra_adj,,Koufrî
b_koufra,b_koufra,,Koufra
b_koufra,b_koufra_adj,,
b_sherda,b_sherda,,Sherda
b_sherda,b_sherda_adj,,
b_aingalakka,b_aingalakka,,Ain Galakka
b_aingalakka,b_aingalakka_adj,,
c_tazerbo,PROV1406,,Gherma
c_tazerbo,c_tazerbo_adj,,Ghermî
b_tazerbo,b_tazerbo,,Tazerbo
b_tazerbo,b_tazerbo_adj,,
b_gherma,b_gherma,,Gherma
b_gherma,b_gherma_adj,,
k_kanem,k_kanem,,Kanem
k_kanem,k_kanem_adj,,Kanemí
d_bornu,d_bornu,,Bornu
d_bornu,d_bornu_adj,,Bornu
c_bornu,PROV1476,,Bornu
c_bornu,c_bornu_adj,,Bornu
b_bornu,b_bornu,,Bornu
b_bornu,b_bornu_adj,,
b_zamtam,b_zamtam,,Zamtam
b_zamtam,b_zamtam_adj,,
b_sao,b_sao,,Sao
b_sao,b_sao_adj,,
b_ngazargamu,b_ngazargamu,,Ngazargamu
b_ngazargamu,b_ngazargamu_adj,,
b_diaka,b_diaka,,Diaka
b_diaka,b_diaka_adj,,
b_yao,b_yao,,Yao
b_yao,b_yao_adj,,
c_kagha,PROV1477,,Kagha
c_kagha,c_kagha_adj,,Kaghi
b_kagha,b_kagha,,Kagha
b_kagha,b_kagha_adj,,
b_amcaka,b_amcaka,,Amcaka
b_amcaka,b_amcaka_adj,,
b_kotoko,b_kotoko,,Kotoko
b_kotoko,b_kotoko_adj,,
b_daima,b_daima,,Daima
b_daima,b_daima_adj,,
c_munio,PROV1474,,Munio
c_munio,c_munio_adj,,Munii
b_munio,b_munio,,Munio
b_munio,b_munio_adj,,
b_nguru,b_nguru,,Nguru
b_nguru,b_nguru_adj,,
d_kanem,d_kanem,,Kanem
d_kanem,d_kanem_adj,,Kanemí
c_kanem,PROV1329,,Kanem
c_kanem,c_kanem_adj,,Kanem
b_kanem,b_kanem,,Kanem
b_kanem,b_kanem_adj,,
b_djimi,b_djimi,,Djimi
b_djimi,b_djimi_adj,,
b_mao,b_mao,,Mao
b_mao,b_mao_adj,,
b_manan,b_manan,,Manan
b_manan,b_manan_adj,,
c_bagirmi,PROV1478,,Bagirmi
c_bagirmi,c_bagirmi_adj,,Bagirmi
b_bagirmi,b_bagirmi,,Bagirmi
b_bagirmi,b_bagirmi_adj,,
b_fitri,b_fitri,,Fitri
b_fitri,b_fitri_adj,,
b_makari,b_makari,,Makari
b_makari,b_makari_adj,,
b_kuka,b_kuka,,Kuka
b_kuka,b_kuka_adj,,
d_wadai,d_wadai,,Wadai
d_wadai,d_wadai_adj,,Wadaí
c_wadai,PROV1480,,Wadai
c_wadai,c_wadai_adj,,Wadai
b_abeche,b_abeche,,Abeche
b_abeche,b_abeche_adj,,
b_gasga,b_gasga,,Gasga
b_gasga,b_gasga_adj,,
b_wara,b_wara,,Wara
b_wara,b_wara_adj,,
d_kawar,d_kawar,,Kawar
d_kawar,d_kawar_adj,,Kawari
c_bilma,PROV1227,,Kawar
c_bilma,c_bilma_adj,,Bilmî
b_bilma,b_bilma,,Bilma
b_bilma,b_bilma_adj,,
b_dirku,b_dirku,,Dirku
b_dirku,b_dirku_adj,,
b_sakadame,b_sakadame,,Sakadame
b_sakadame,b_sakadame_adj,,
b_fachi,b_fachi,,Fachi
b_fachi,b_fachi_adj,,
c_djado,PROV1400,,Djado
c_djado,c_djado_adj,,Djadî
b_djado,b_djado,,Djado
b_djado,b_djado_adj,,
